Title,Author,Comment Count,Time,Article Content,Images In Article
i went camping again--putz camping 2,Victor D. ,0,"September 28, 2026","Last weekend, I went camping with my living group (Putz in East Campus) in Myles Standish State Forest, Southern Massachusetts. We went camping in early October last year, which was far too cold, overcast, and rainy. Moving our trip was definitely the right decision; warm enough even to take a swim in the pond!

would you consider this a meadow? when they told us we were going to a meadow this isn't what i imagined...
this is where we went swimming. i mean i didn't because i don't like the feeling of being wet outside of the water lol
Previous
 
Next

Unfortunately, the area we went to didn’t have much elevation compared to last year when we submitted Monte Monadnock in New Hampshire. But our walk around the pond was nice. My friend and I were reminded of our walk around Walden Pond we did last semester, so we picked up our conversation on panpsychism from back then.

For what it’s worth, you may appreciate having talked about the transcendentalists in your high school English classes because I just can’t stop thinking about them whenever I’m near a small body of water anywhere in New England.

It’s always nice to get away from MIT and to have a day or two to be free of problem sets and “the grind”. Though come backing is always a struggle, and I’ve just barely caught up with my classes even though it’s been a week since camping.

I think I’ll miss these activities with my living group. This is my last time I’ll go on this camping trips with them, and I’ll miss the conversations that come up when we immerse ourselves in the forest.","https://mitadmissions.org/wp-content/uploads/2026/09/IMG_1088-800x600.jpg;
https://mitadmissions.org/wp-content/uploads/2026/09/IMG_1092-800x600.jpg;
https://mitadmissions.org/wp-content/uploads/2026/09/IMG_1098-800x600.jpg;
https://mitadmissions.org/wp-content/uploads/2026/09/IMG_1116-800x600.jpg"
a love letter to McCormick--and thoughts on its renovation,Hala K. ,0,"September 28, 2026","As I think about coming back for this school year,⁠01 I can’t help but realize that my daily routine will look a little different. When I step out of the Great Dome after classes, I’ll walk straight toward the Student Center instead of taking my usual left toward Maseeh. My amazon packages and doordash deliveries will need to be addressed to Vassar Street rather than Memorial Drive. Visiting most of my closest friends will no longer mean simply taking an elevator down a few floors but instead walking across Briggs field. And every time I walk down dorm row, I’ll have to walk past my favorite building on campus – with renovation signs staring back at me.

For the next 2 years, McCormick Hall – MIT’s only all-female residence – will be closing for renovation… and I’m devastated. It’s hard to put all of my thoughts in a single blog but this is an attempt at it:

some context on McCormick:

It’d be crazy to write a blog about McCormick without a quick history lesson. All of the information here is sourced from McCormick’s history page – extra shoutout to the amazing essay by alumni Tara Venkatadri included in this page. 

McCormick was started by Katharine McCormick in an effort to show that women belong in scientific fields and by extension, at MIT. In 1963, McCormick’s west tower⁠02 opened. By the next year, the number of female applicants to MIT had doubled. However, with the building filled to capacity, MIT’s administration argued that it would once again have to be more selective in admitting women because there was no longer sufficient housing for them. Katharine McCormick responded by providing another donation, leading to the opening of McCormick’s East Tower.

While I realize that some level of systemic gender inequality still exists at MIT – and, I’d argue, at any university – the opening of McCormick COMPLETELY changed what it looked like to be a woman here. And looking back at that history is crazy to me. 

My experience at MIT has never felt like a constant effort to prove myself against my male peers, nor have I felt that women feel forced to create a community among themselves in order to survive. Most of my classes, even the CS-focused ones, tend to have a pretty even gender split. And now, women can live in any MIT dorm they want. Some choose McCormick for women-only accommodations, others like the tight-knit community, and some were placed here by accident and fell in love with it.

my first impressions of McCormick:

My older sister is a former McCormick president and its number one cheerleader, so the decision to choose McCormick came pretty easily. Still, like most freshmen, I worried that I had made the wrong choice. 

That feeling lasted about five minutes into orientation.

I had barely started pulling my luggage out of my Uber when I heard someone yell, “KOMAIHA!” Confused, I looked up to see Raul and Flavia, McCormick’s Heads of House, waiting outside. They welcomed me like they had been expecting me all day, telling me how excited they were to have me, and how great the year was going to be. Then another car pulled up, and they immediately called out the next freshman’s name too.

I realized that they had memorized all of our names before we had even arrived. It seems like a small thing, but on a stressful day where everyone and everything is unfamiliar, being greeted by name means a lot. Looking back now, it was also a pretty fitting introduction to McCormick: a community that cares enough to dedicate a week memorizing photos of prefrosh just to make them feel at home on their first day. 

pre-frosh hala on move in day with Raul and Flavia 🥲
Previous
 
Next

McCormick community + staple events:

With only 255 residents, the second-smallest dorm after Random, McCormick is an extremely tight-knit community. I would guess that I’ve had at least one conversation with 80% of McCormick residents. And when I tell friends in other dorms that, they’re usually shocked. In a lot of dorms⁠03 , you become close with the people on your floor, plus a handful of others you meet at dinner or in the laundry room. I’ve never felt like those same “boundaries” exist at McCormick – in large part due to the fact that we don’t have floor culture, only dorm-wide culture. 

Though I think another reason for this is because of how many McCormick traditions bring the entire dorm together. There are basically unskippable⁠04 events happening almost every other week, organized by different chairs, presidents, and our AMAZING AMAZING AMAZING house team. At these events, you end up meeting a lot of people that live across every corner of the building. And over time, those repeated interactions make the whole building feel much smaller. Here are some of the most popular ones:

KARAO-CAKE! just like the name says, karaoke + cheesecake in the HOH apartment. easily the most iconic event ever.
BARBEQUE! this is an event held monthly by the McCormick house team + dining staff. amazing barbeque (that is 100% halal) and lots of fruits/desserts.
CHURRO DAY! another collab with house staff and McCormick dining. typical breakfast is replaced with homemade churros (THAT ARE TO DIE FOR) and sandwiches.
PASTA NIGHT! during IAP, most students opt out of a dining plan and cook for themselves. About once a week, McCormick runs a pasta making session where the entire dorm is invited to help cook or even just grab some pasta to go! i unfortunately don't have good pictures but these were leftovers from one day!
PIZZA NIGHT! (so many food based traditions) all residents are invited to make their own pizza with a HUGE variety of toppings in the HOHs brick oven. to this day, one of the best pizzas I've ever had
Previous
 
Next

But of course, the people are what make McCormick most special.⁠05 I talked about first impressions earlier, but the effort people put in on that first day to make you feel welcome stays consistent throughout your time here. Residents ask about your day in the elevator, GRAs remember your hometown and ask how moving in has been, and Raul and Flavia will invite you to sit with them at dinner just to hear about what you’re excited or worried about. During my first week at MIT, upperclassmen I had only briefly met while moving in invited me to join them for breakfast, probably realizing that I hadn’t made enough friends yet to have plans of my own. And somehow, it didn’t feel awkward or like I was butting in at ALL.

As someone who often felt homesick freshman year, this always reminded me that I had people here looking out for me too.

Another one of my favorite examples of that is McC-Fast, a weekly event held in McCormick’s Green Living Room. McCormick residents volunteer to tutor other residents, often freshmen, in classes they’ve already taken. For students whose schedules are already incredibly busy, choosing to spend two hours every week helping someone else is so selfless. During my first semester, my friends and I went almost every week for help with our 8.01 psets. Obviously, it helped me understand physics, but it also introduced me to other students in the dorm who later became close friends and pset buddies in completely different classes. I still haven’t heard of another dorm that runs anything quite like it.

Though my opinion alone might not mean much, so I asked some friends for words they associate with McCormick. They said wholesome, close-knit, toasty, girlhood, and slumber party. For me, the first word that comes to mind is homey. Maybe some of that is the slightly old-fashioned look of the building, but there’s something about McCormick that just feels comfortable the moment you walk in. 

thoughts on renovation

Visuals of how McCormick should look after renovations and specifics of what will be changed are shared here. 

Transparently, I worry that post-renovation McCormick will feel a little different. You know how time is divided into BC and AD? I’ve already started describing things as BR and AR: “before renovations” and “after renovations.” 

Some of the worry is purely derived from the physical changes. I can definitely admit that McCormick needs renovations, but I question if the “new look” will fit the dorm’s vibe. Will I still say that McCormick feels “comfortable the moment you walk in?” I remember seeing the proposed images for the new lobby and thinking that it looked a little too much like a hotel… like it was too polished.

That being said, student leadership has worked extensively with Housing and Residential Services to prioritize the things we really don’t want to lose. McCormick, for example, has these beautiful paintings scattered throughout the dorm, and a lot of them have been saved so they can go right back up AR. Students will be choosing the new furniture for the two main, communal living rooms. 

With that, most of my worry is actually about cultural preservation. Two years from now, I’ll be a senior, which means that by the time renovations are done, I’ll be one of very few residents who actually experienced both BR and AR. I feel some responsibility to make sure the traditions of McCormick and core cultural traits carry over. Enough so that the three classes of students who will move in having never lived there before still feel that same welcoming spirit I’ve kept coming back to throughout this blog. Enough so that they’re excited to show up for events, become part of the community, and eventually be the ones running those events for the next group of residents.

moving forward

Though with all of these concerns, I’m also REALLY excited. After renovations, I hope that the West Tower elevator will no longer randomly break, forcing me to walk up seven flights of stairs after an already long day. I hope the lighting fixtures are replaced so I don’t have to go to the bathroom anytime I want to see what my outfit looks like under non-yellow light. I hope that the game room projector actually works so I can watch Hamilton with friends without spending two hours fixing the machine first.

And in the meantime, McCormick won’t simply “disappear” for the next two years. House + student leadership have put in a lot of work to make sure there still exists women-only spaces like the ones McCormick used to provide, and that residents can still come together for the important traditions. 

Here are some of the really cool things they’ve already arranged for:

Tang Hall, a graduate residence, has allocated two floors for women-only housing for students who require or simply prefer to live only with women. McCormick’s area director also lives here as a supportive resource for undergrads living there. 
There’s a women-only gym in Tang with a huge variety of machines!
McCormick has its own lounge in the basement of Stud where current residents and interested future residents can study, hang out, and run events. Residents are actively working to make the space feel homier, but it already has a lot of things from our old craft room – like the 3D printer and sewing machine – plus furniture that used to be in McCormick.
McCormick dining used to be 100% halal, which was really nice for me as a Muslim student on campus. Because of that, Maseeh now has a halal dining section that only serves halal food and takes cross-contamination into account.
A lot of the iconic events I talked about earlier are coming back. McC-Fast, for example, now happens every Sunday and Wednesday from 7–9 PM in the McCormick Lounge (I HIGHLY RECOMMEND ANY FRESHMAN READING THIS TO ATTEND!!!), and Karao-cake is happening this week!

As I write this part of the blog, I’ve been living in New Vassar for a few weeks. I really like my room and a lot of the amenities here (AC, large lounge areas for each section, a good dining hall, etc.). New Vassar was also super accommodating to displaced McCormick residents and created a women-only section for us. That means a lot of my neighbors are former McCormick residents and familiar faces.

But I think, in a lot of ways, this blog has already proved itself right: I really do miss McCormick. My friends and I wanted different things from housing this year, so we mostly split between Tang, New Vassar, and Simmons. Now, seeing each other takes more effort. I don’t just happen to run into someone at dinner or walk downstairs and find half my friends sitting in the same room.

So yes, I’m excited to move back into McCormick AR. I hope the building feels newer, but that the parts that made me fall in love with it still feel exactly the same. And I hope that, after reading all of this, you’ve fallen a little in love with McCormick too. If you end up at MIT or already go here, I hope that I’ll get to welcome you as a future neighbor and scream Taylor Swift with you at Karao-cake.","https://mitadmissions.org/wp-content/uploads/2026/09/IMG_8627-800x1067.jpg;
https://mitadmissions.org/wp-content/uploads/2026/09/Screenshot-2026-09-28-at-2.02.09-AM-800x1070.png;
https://mitadmissions.org/wp-content/uploads/2026/09/IMG_8932.png;
https://mitadmissions.org/wp-content/uploads/2026/09/unknown-1-800x1067.png;
https://mitadmissions.org/wp-content/uploads/2026/09/unknown-800x1067.png;
https://mitadmissions.org/wp-content/uploads/2026/09/Screenshot-2026-09-28-at-2.02.51-AM-800x989.png"
good things come to those who wait--being greedy on facebook marketplace,Taylor L. ,0,"September 27, 2026","When my roommate flew back home after finals at the end of the spring semester, she bequeathed her bike to me until she returned, which was about a week. I was hanging around to volunteer with the MIT EMS medical detail for graduation and start my UROP, so I figured that I would try cycling around for a change. 

Nothing would ever be the same.⁠01 I always swore off bikes and scooters because I figured that my legs work fine for walking. That’s true, but I never realized how much it truly annoyed me to have to budget fifteen minutes to walk to class. Chipotle and Cava were now five minutes away instead of twenty. Graduation was happening on Killian Court, and I could literally leave three-ish minutes before I was supposed to be there. Getting a bike unlocked levels of lazy and last-minuteness I’d never even dreamed of before. 

When my roommate returned, I was devastated when she took back her bike because it meant I would have to walk across the bridge every morning to get to lab and every evening to get back to the frat in Boston we were staying at. I did that for two days before I snapped. I was getting so many steps in, at the cost of my sanity. One of the best parts of UROPing is that you can get paid, and so I set out to buy my own bike with my newfound exorbitant wealth.⁠02  

I ventured into the wilderness of Facebook Marketplace looking for my perfect bike, so much so that I added scrolling Marketplace into my social media rotation. I developed this plan where I would Bluebike to the seller’s house and hopefully ride my shiny new bike back. This failed three times before it succeeded because I failed to realize that there are different sizes of road bikes. I think the worst time was when I went up to Somerville to look at a gorgeous pink Cannondale while it was raining, and it didn’t work out because it was too tall.⁠03 I had to Bluebike back in the rain, which had only started pouring more. It seriously felt like the ride of shame.  

I eventually ended up with a nice Bianchi, and it was a 10/10 life-altering purchase. I made a rule for myself during my UROP that I absolutely had to leave the lab during lunch and go outside and get sunshine, and with the bike I had enough time to go back home and cook a nice little lunch. I had amazing work-life balance. 

The bike infrastructure in Boston could use some work, but I’m honestly happy that there’s bike lanes at all, because in Winston-Salem you just have to ride in the main lane and hope nobody hits you. It’s super developed around campus, and riding along Mass Ave makes me feel so cosmopolitan. I figured I should go for some longer rides at some point as well. There’s a great-ish bike path right next to campus that runs along the Charles River, on both the Cambridge and Boston side. I would recommend, but I did get lost a few times, which is impressive considering it’s mostly a straight path. There’s also a lovely area up north in Somerville called Mystic Lake that I learned about after kayaking there, with some peaceful viewing spots and a little beach. 

A picture from Mystic Lake. Kind of looks like a New England postcard
Shannon Beach! Surprisingly nice for a beach that's on a lake
The Tufts Sailing Pavilion is actually here as well. Super cool but I never saw any boats launch.
Previous
 
Next

I never stopped scrolling, and at this point I was hooked on Marketplace and wanted to spend more money. I honed in on my next target, and, after some digging, I found a surf green Fender Stratocaster for $100. The seller even threw in a mini amplifier for free. I rode to their house on the bike and rode back through Fenway with the guitar case on my back, and I felt like I’d really mastered Marketplace. 

Learning guitar was about the only useful thing I did during the COVID lockdown, but in my freshman year, I barely even thought about it. My dorm has a music room down in the basement, but it was always a bit of an event to get there and play, because I’d have to walk all the way down six floors and get the key from the front desk. I probably practiced about twice the entire year, but now I have it on a stand next to my bed, and I can just pick it up and play a bit for five minutes before or between some homework. It’s truly one of the best quality of life improvements I’ve made. 

The love of my life

So here’s the issue I’m running into here: I’m too good at finding exactly what I want on Marketplace eventually, but how long am I willing to wait until the “perfect” thing falls into my lap? For my bike it was three weeks, and I spent those three weeks walking/busing/Bluebiking. It was inconvenient, of course, but I can consider that period of inconvenience as part of the price for finding a bike that I love now. For my guitar it was more like a week, but I passed on about one hundred other ones during that span because they weren’t speaking to me. 

Us economists⁠04 like to think of choices like these in terms of opportunity cost, which is the value of the next best option that you had to forgo to make the choice you did. If you pick A, then your opportunity cost was the value you would have gotten from B. If A costs $10 and gives you 5 imaginary units of happiness, and B costs $8 and gives you 3 units of happiness, then the opportunity cost of picking A is B and the $2 that would have been in your pocket if you’d bought B.

I’ve written before about being indecisive, and I’m finding new metaphors to articulate it here. In a perfect world where everybody behaves perfectly rational and in their own best interest, every choice would be made to minimize opportunity cost and maximize benefit—in other words, to get the most value while giving up the least. I think sometimes I get too caught up in the idea that what I have now or what’s in front of me is good, but there could be something better that I don’t even know about yet. And I always wonder whether I should stand there and welcome it when it finally comes, if it does come, or whether I should take a good thing for what it is and move on.

Here’s another example: During the spring semester, I had a 9am that I would be consistently late to because I’d go to the Z before it.⁠05 To cut some dead weight and shave a few seconds off my commute, I decided that I would just leave my gym duffle in a locker during the day and come pick it up in the afternoon or evening once I was done with classes. 

The Z closes at 11, so whenever I was too sleepy to go fetch my bag, I played a game I call locker roulette. Every night, the Z staff are supposed to comb through the locker rooms and cut locks if they’re left on, and also empty out lockers if people leave stuff inside of them. There’s a lot of lockers, though, and sometimes you can get away with leaving your stuff there for one night, if you’re lucky. 

So, when I neglected to collect my bag by the end of the day, I would come to check on it in the morning with great fear in my heart. I could only figure out the state of my belongings once I said a prayer and opened the locker.⁠06 I played this game pretty often and usually I won, but they got me twice. The first time, they cut my lock, which was actually a little upsetting because I’d had the lock for years, and the combination was 10-20-30, which was really easy for me to remember. The second time, I hadn’t bothered to buy another lock, so they just took my stuff. Each time they held my bag for ransom at the front desk until I gave them $10, so this ran me a total of $20. 

Let’s run the math here. Students can rent lockers for $4/month. I didn’t buy a locker until May, so I didn’t have to pay that eight months worth of rent, which is $32. I only ended up paying $20 in fees. So I saved $12. 

It gets better. There’s two women’s locker rooms in the Z. One is located in the depths after you scurry through a few hallways, and one is near the pool, and it’s objectively better in my opinion. I’d been looking into renting a locker earlier, but only the ones I didn’t want were available then. Then on one beautiful spring day in May, I checked the website and there were pool lockers available. So not only did I save $12, but I also ended up with a better locker. 

I think it’d be interesting to weigh the pros and cons of my purchases through the economists’ lens, and try to figure out if I’d been silly and accidentally chosen the second-best option instead of the first. But maybe I’d be too analytical trying to make everything so quantitative, because whatever units of happiness I choose are imaginary and we’re really just guessing as to whether buying a green or a red guitar maximizes my benefit. Let’s say instead that shopping comes from the heart. What if I just take the best thing I see in front of me?

Let’s pretend that when I open Facebook Marketplace I become a greedy algorithm, which you code to try and solve a problem with constraints (like a budget or a time frame). It navigates through combinations of resources in a certain way, depending on how you program it, and spits out the first viable solution it finds. Oftentimes this isn’t the most efficient solution, but if you’re only looking for something that works, it’s fine. So maybe I decide that I want my guitar now, and I don’t want to wait for any other listings, so I’m just going to buy the one I like the most out of what’s on my screen.

The two options here are overthinking and underthinking, and I don’t really want to do either of those, but there are too many roads that lead back there. A lot of the time I find myself considering a bunch of what-ifs, which is a little weird to me because I’m very happy with where I’m at, but something in is me always wondering if I’ve made a wrong decision at some point that’s kept me from ascending and reaching nirvana. Maybe I was too hasty and sprung for something I shouldn’t have; maybe there was a better, cheaper bike posted a day after I bought mine, but I’ll never see it because I pulled the trigger already.","https://mitadmissions.org/wp-content/uploads/2026/09/IMG_0494-800x600.jpeg;
https://mitadmissions.org/wp-content/uploads/2026/09/IMG_0483-800x600.jpeg;
https://mitadmissions.org/wp-content/uploads/2026/09/IMG_0493-800x600.jpeg;
https://mitadmissions.org/wp-content/uploads/2026/09/IMG_0298-400x533.jpg"
"HUGE dormspam haul!!! 😱😱--on trust, community, and a cry for help",Suzuko O. ,0,"September 26, 2026","WELCOME BACK GUYS TODAY WE ARE GOING TO BE GOING THROUGH MY DORMSPAM HAUL! OVER THE PAST TWO WEEKS I’VE BOUGHT A LOT OF FUN STUFF SO MAKE SURE TO READ TILL THE END!

yeah i do not really have any platform where i watch shortform video so i don’t really know how hauls usually go. but i thought this was a fitting format for what i want to talk about

every fall, mit students’ inboxes start to fill: first with a trickle of announcements (“come to caving club’s first meeting this tuesday”), which then becomes a deluge (“interested in sloan business club?” “chess club has boba 5:30pm friday!” “want to help plan mit science olympiad?”). it’s almost magical. how is it that all of these messages find their way to my email, ready for me to peruse during chem class?⁠01

dormspam!

dormspam is a campus-wide mailing list⁠02 used as a sort of universal message board. anyone can send letters about anything: besides club announcements, i’ve seen dormspams asking me if i want to buy ed sheeran tickets (not really), soliciting me to participate in some medical survey, announcing a lost glasses chain, reminding people from one of 8 states (including california!) to vote, and advertising a “senior sale”. this is a wonderfully diverse array of messages; today, i want to focus on the last genre – THE SALES!

for context, i lean pretty anti-consumerist. this is mostly from an environmental standpoint⁠03 – i think most people buy more stuff than they actually need, and i especially think cheap clothes are just not worth it. but dormspam gives me the thrill of buying cheap stuff without the guilt! which is great and also which is why i get a slightly concerning burst of energy whenever i see a new “sale!” slide its way into my outlook. 

what i bought

i’ll go in chronological order for all of my purchases.

1. bike helmet ($3)

mit (and cambridge/boston in general) has a reasonably high number of people who rely on bikes to get around, especially among those who have a low tolerance for walking. i personally do not own a bike but want to have the option of being able to bike – for example, if i want to take a bluebike.⁠04 (UPDATE after i wrote this part of the blog i did in fact spend a day bluebiking around! i went to allston to get lunch, then to harvard, then back to mit)

see the lamp too! also the print i borrowed from the list art center! also the big shark! ignore my messy desk!

you’ll see tons of people riding around campus without a helmet. why, you might ask, did you go out of your way to walk to an off-campus apartment to pay a stranger three dollars to wear a strange hat on your head? 

the reason is because evan, a fellow tetazoan, got hit by a car this summer while biking, breaking his leg⁠05 and cutting up his face. according to him:

helmets are the only reason you see me caned up instead coma-d up. Cars in Cambridge are crazy

so yes, psa: wear a helmet while you bike! your friends and family will thank you.

2. two lamps ($5) 

immediately after moving into my temporary room, i realized the necessity of smaller lights. each room only has one light on the ceiling, and the light switch is located at the door, which makes it annoying if you want to lay in bed with light to relax but then you have to get up and turn the light off before you can actually sleep. 

i initially considered buying a lamp from mujirushi or something before fpops,⁠06 but the only option they had was like $75, and i did not think this was worth it. it turns out that this was a good decision because i was able to purchase these two lamps for $5! 

when i picked them up from the food delivery desk in east campus, i immediately realized that they were like significantly larger than i expected them to be – like maybe twice the length scale? their blinds are a little dirty, as advertised, and the lightbulbs seem to be incandescent⁠07 instead of led or fluorescent, but they function very well and i think two lamps for $5 is a much better deal than $75 for one. yippee!

he longs to escape

3. 100 feet of rope ($0.50)

i mostly bought this for the funnies. this was on the same sale as the one where i bought the lamps, which was somewhat unique in that it was run as an auction instead of having a list of set prices. one of the items was listed as ~100 feet of rope (“I dont know how much exactly, its a lot though”) and i saw it and was like I MUST PURCHASE THIS

so i bought it for 50 cents. yeah uhh not sure what i am going to do with my approximate one hundred feet of black rope but surely i must eventually be able to find a use for it right??

yeah idk what i can do with this

4. winter boots ($8)

clothes are a bit harder to buy on dormspam because sizing is very hit or miss. also i feel like on average the people who sell clothes on dormspam tend to lean fem? which does not align with how i typically like to dress. but in this case it works out!

these boots are a womens’ 9, which corresponds to a mens’ 7.5, which i immediately recognized as being my shoe size and therefore quite a good investment. being from la, i did not really own a pair of winter shoes (what do you mean there is FROZEN WATER on the roads ??) and i am very glad that i can get a pair for under ten dollars instead of like a hundred or whatever shoes cost. i think these boots are a smidge smaller than i would prefer but it should be fine? hopefully

very solid

these i had to pick up from burton-conner⁠08 this was a nice excuse to visit friends! :D also a good way to get myself to walk outside instead of rotting⁠09

5. winter jacket ($35)

WOAH you might think. that is rather pricey compared to the other objects on this list! THIRTY FIVE whole dollars? on dormspam?

well, i am actually wearing this jacket right now as i write this⁠10 and i still think this was a worthwhile purchase. it’s in a nice brown that i like, it is quite warm, and it fits me almost perfectly. luckily i was able to try on for size before i bought it – i did this in the lobby of graduate junction, one of the grad dorms, where i verified that it fit and then sent away 35 dollars of my hard earned cash. it’s quite warm and makes me feel very cool. good purchase!

alejandro sniped me WTF

it’s already starting to be pretty cold here,⁠11 especially at night, so i’m glad i have more clothing options. yeah considering this jacket retails for i think around a hundred dollars i am very happy with this. 

6. eyeliner ($5)

this was definitely the most frivolous purchase on this list – someone was selling a bunch of their random crap for under ten dollars, and this was being sold as an unused eyeliner pencil for five dollars. i debated whether it was worth it but eventually decided to get it. 

i did zero makeup in high school and have been doing near zero makeup here, but i bought this because i want to have the option to express myself more dramatically on special occasions. not sure. maybe halloween? maybe reawakening?⁠12 lots of exciting possibilities. 

it is remarkably waterproof. how do they do that?

so that concludes the haul part of this post! as you can see i have derived a lot of enjoyment from buying random stuff. the joys of consumption : ) now we transition to what i think these dormspam sales represent about what i like about mit:

dormspam is about trust

when we, as mit students, subscribe to dormspam, we do it because we trust our peers. we trust that the messages we get were sent by someone who believes that the words they write merit the collective hours of time that we, the mit community, spend reading their words. 

this trust is enforced in part by the norms of dormspam.⁠13 senders must tag their email “bcc’ed to dorms” or risk wider castigation; senders must, too, broadcast their underwear color as a promise of their vulnerability⁠14

this trust, too, is what allows my boundless consumption to flourish. it is my trust that after i send five dollars and fifty cents to someone named max, that this faceless person will leave two surprisingly-large lamps and a long tangle of black rope on the food delivery table in east campus. it is my trust that after walking twenty-five minutes all the way across campus to grad junction, a dorm filled with twenty-five year old REAL ADULTS, an email address becomes a person passing on the warmth of her jacket to an ingénu from her city. mit’s culture of trust keeps items out of the trash and keeps me out of debt. 

i guess the metaphor is that these items that i buy represent institutional knowledge, like the wisdom that these upperclassmen have reaped over their years here. for my part, i trust the institutional knowledge. for theirs, they trust the idea that institutional knowledge is something that should exist, and that should continue, and they do their part to propagate this.

dormspam is dying… but we can save it 

up until two years ago, dormspam was opt-out: all mit first-years would be immediately enrolled, removed only if they both really didn’t want to be on it and also got over the activation energy hump to intentionally get themselves off the list⁠15

but in september 2024 this changed. now dormspam is opt-in, and the heft of inertia is against us. now, before freshmen can get access to the vast trove of information that is dormspam, they first have to open a few tabs, clicking around and typing, setting up a filter so that everything goes neatly in its own folder;⁠16 but this can only happen given that our freshman already knows of dormspam’s existence and understands its significance. a high bar! so many times have i told a friend “oh yeah i bought this off dormspam” only to hear “oh i didn’t know dormspam had sales i’m not on it yet”

lacking new blood, dormspam is at risk. dormspam only lives so long as people animate it – with their club announcements, their autumn sales, their flame wars. if fewer and fewer freshmen join dormspam every year, it’s not far-fetched to imagine a future fully dormspam-less. people will speak in the past tense about: “wow, i was scrolling through the archives and look at this funny random survey i found!” like latin, dormspam will calcify. 

this would be a tragedy!

i know this, but i’ve only been here a month. ultimately i just do not have enough experience to express just how sad this would be, so here are some words from other people

in the words of petey, our well-aged Blog Dad:

Dormspam is a unique form of campus-wide communication that I haven’t really seen anything else like at any other school

more emphatically, the borrowed words of fellow blogger allison ‘28:

I think, as much as MIT seems like a monolith of Nerd from the outside, the undergrad experience here can be a somewhat fragmented landscape. Between our different majors and different living groups and different student orgs, a lot of our lives orbit completely disjoint sets of experiences. 

It’s one of the best things about MIT, that you can find your niche and your people and do amazing things with them. But it also means at a school with thousands of undergrads, it’s difficult to have shared experiences.

Dormspam is the one thing that crosses most of those lines.

We all see the bicycle sale flame wars, or the 5W toilet picture, or the random number survey. It’s something you can bring up that many people across MIT will know about. We share the experience of being inundated with 200 senior sales in the last week of classes. 

THE COMMUNAL THOUGHT CLOUD OF THE MIT STUDENT BODY MUST LIVE ON. What else would we use for our entertainment? For sustaining our free food needs? For selling our unwanted belongings and sharing our advice and coordinating massive campus-wide projects?

so what can we do?

well, if you happen to be a mit freshman, MAKE SURE YOU ARE ON DORMSPAM. i promise it’s easy and it is SO worth it. go to https://sites.mit.edu/how-to-dormspam/unsubscribe/; this website has a list of dormspam mailing lists for all dorms! just click the link next to the list that matches your dorm! for example if you live in simmons you would click this link:

it’s called that because simmons looks like a sponge (look it up!)

this website also contains very useful information about filtering dormspam so that your main inbox doesn’t get clogged. 

if you are already on dormspam: GET YOUR FRIENDS ON DORMSPAM GET EVERY SINGLE OTHER FROSH YOU KNOW ON DORMSPAM THEY (AND I) WILL THANK YOU. also, learn to send dormspams! find something that you actually think is worth sending to all of mit, and then send a message as described here: https://sites.mit.edu/how-to-dormspam/send/ (i actually haven’t done this yet so maybe i can’t say anything)

if you are older than a mit freshman: the above instructions still hold but less emphatically. actually i guess if you are an upperclassman MAKE SURE YOUR FROSH ARE ON DORMSPAM

if you are younger than a mit freshman: unfortunately the joys of dormspam sales are not yet for you. but they await you in the wide, beckoning future. so if you do end up here, keep dormspam in your mind. and if you find yourself in some evil world where dormspam has died, perhaps you (yes, you, dear reader) can be the one to resurrect it. 

the nature of material possession is to fade. i know my dormspam sale finds are not meant to last. but if nothing else, i hope the backbone behind dormspam lives forever, built off its foundation of trust and community.","https://mitadmissions.org/wp-content/uploads/2026/09/Screenshot-2026-09-25-at-11.20.10-AM-400x539.png;
https://mitadmissions.org/wp-content/uploads/2026/09/Screenshot-2026-09-25-at-11.20.03-AM-400x536.png;
https://mitadmissions.org/wp-content/uploads/2026/09/Screenshot-2026-09-25-at-11.19.55-AM-400x534.png;
https://mitadmissions.org/wp-content/uploads/2026/09/Screenshot-2026-09-25-at-11.19.47-AM-400x300.png;
https://mitadmissions.org/wp-content/uploads/2026/09/Screenshot-2026-09-25-at-11.19.09-AM-400x461.png;
https://mitadmissions.org/wp-content/uploads/2026/09/Screenshot-2026-09-25-at-11.19.33-AM-400x413.png;
https://mitadmissions.org/wp-content/uploads/2026/09/Screenshot-2026-09-25-at-12.50.31-AM-400x395.png"
Beaches and Bioreactors--summer is gone and I'm trying to move on,Nicholas R. ,0,"September 25, 2026","We’re over two weeks into the school year now, yet my brain has hardly registered the fact that summer is over. Following all the hustle of Orientation⁠01 , rush week⁠02 , and the end of my UROP, the start of classes felt like an afterthought. Now that afterthought is rearing its head in the form of several problem sets with very imminent deadlines.

In hopes of curing my mental jet lag, I want to reflect a bit on my summer because it was a great one. I did many things, including:

Watching the first four seasons of Jersey Shore⁠03
Learning how to play guitar (sort of, I’m still not very good)
Hiking at Acadia National Park
UROPing
Working on my class’s Brass Rat design
…and, arguably most importantly, applying to be an Admissions blogger!

June

The opportunity for my UROP somehow fell into my lap. By the end of last spring semester, I had resigned myself to spending the summer back home after no luck finding research and missing the deadline for direct funding.⁠04 I was looking forward to being home, but I couldn’t shake the feeling that I was missing out as many of my MIT friends headed off to internships, research labs, and MISTI programs abroad. Then, seemingly out of nowhere, I got an email from the ChemE⁠05 department looking for an undergrad to help with curriculum development for 10.28,⁠06 an upperclassman lab course focused on bioprocess engineering. I applied, tried my best to sound casual despite desperately wanting the position, and, as you could’ve guessed, got the job.

My UROP didn’t start until the 15th, so I had a couple weeks to hang around back home. Those couple weeks were remarkably unremarkable: I slept in almost every day, played video games, went to the beach, and relished the fact that I had unstructured time to be bored for once.

A sunset at Sandy Neck Beach, Cape Cod.

Once my UROP started, I was caught between worlds. During the weekdays, I stayed at my fraternity, Zeta Psi, in Boston while I worked on campus. On most Fridays, I threw my backpack in my car and drove two hours from Cambridge to my home of Cape Cod. The following Sunday, I did it in reverse. While the ping-ponging got tiring, it was worth it to see my family and hometown friends. Last summer, I was away at MIT for Interphase,⁠07 and the one prior I was in Indiana for the Summer Science Program.⁠08 Because of this trend, my friends loved to joke that I hate Cape Cod summers, so I made it a point to be home whenever I could.

June also marked the start of weekly meetings for RingComm ’29.⁠09 I’m one of the artists on the committee, meaning a good chunk of my summer was spent working on our Brass Rat design. I will most definitely write a blog about this in the future (after Ring Premiere⁠10 ), but these are all the details I’ll share for now.

July

Soon enough, July was here. I received a reminder from my phone, one that I’d set months in advance, notifying me that the application to be an Admissions blogger had opened. In high school, I spent countless nights picturing (or, more accurately, manifesting) myself at this school, and the blogs gave me a glimpse into what that could look like. Regrettably, I’d forgotten to apply last year, so this go-around I was prepared.

Throughout the month, I chipped away at the application which, unsurprisingly, involved lots of writing; the excerpt below is from one of the sample blogs I wrote for it.

It’s crazy—and frankly upsetting—to think that, as I write this, summer is more than halfway through. My mom always says summer is practically over once the Fourth of July passes. And she’s sort of right, at least for where I’m from; Cape Cod is chock-full of tourists around this time of year, but as August nears and the school year threatens to return graciously approaches, the crowds begin to disappear. For a few weeks after this drop-off, we get what I call a “local summer,” when the hustle and bustle settles to a calmer hum and the weather is still as nice as it gets.

I’ll mostly be away for this year’s local summer, so I’ve been trying even harder to soak up the season before it’s gone. In fact, I’ve been soaking up many new things this summer, including my first-ever UROP!

And I certainly was soaking it up. I got to work alongside the amazing Dr. Joshua Abraham, who is instructing 10.28 this fall. During the first half of the summer, most of our work involved preparing the new lab space, as the class’s teaching lab was being moved from Building 66 to E18. After organizing equipment and testing instruments, we shifted our focus to operating one of the more complicated pieces of equipment: the bioreactor.

Bioreactors are vessels that allow us to grow bacteria and other microorganisms with precise control over factors like temperature, pH, oxygen levels, and mixing. Over the next few weeks—across many runs and different batch modes—we assembled, disassembled, tested, and troubleshot all six of the bioreactors in the lab (one for each team of students). To test them, we grew different strains of E. coli and used them to produce three enzymes of interest: alpha-amylase, laccase, and lipase. These enzymes have a wide range of industrial applications, including processes involved in paper production, dye removal, and detergents.

Earlier in the summer, Dr. Abraham and I selected three genetic constructs⁠11 that encode these enzymes. After purchasing the constructs from the company GenScript, we introduced them into our E. coli cells, allowing the bacteria to act as tiny factories that produce the enzymes.

The bioreactor setup, in all of its glory. The main vessel (containing the cell culture media) is connected to the control tower (right).
The opaque tubes connect the main vessel to acid, base, and glucose feed bottles.
Previous
 
Next
August

After we had the bioreactors mostly figured out, we moved on to writing and verifying protocols for downstream purification and characterization. In less jargon-y terms, we purified our cell culture samples so that they (hopefully) only contained our enzymes of interest; we then ran a set of tests, or assays, to determine their activity. I’ll resist my course 10B⁠12 urge to yap in writing about all the cool wet lab techniques I got to practice, however I will include a picture of a very aesthetically pleasing standard curve from one of the enzyme assays.

The assays we tested were colorimetric, so as the enzymes consumed their substrate, the reaction produced changes in color that could be measured via spectrophotometer.

Near the middle of August, a few of my hometown friends and I went camping in Acadia National Park, Maine. We woke up at 2:30 AM the first morning (or should I say night?) to go on a hike up Cadillac Mountain; we’d heard that at its summit, we’d be able to see the earliest sunrise in the continental United States. Despite our two hours of sleep, we drove to the location and began making our way up the mountain. As we neared our destination, the dense, rocky landscape opened up, as if the mountain itself was welcoming us. When we finally reached the top, we searched for a nice spot to watch the sunrise—a bright pinkish-orange that slowly crept up from the horizon, illuminating the ocean and the smaller islands surrounding Acadia.

The sunrise.

Shortly after our first excursion, we were met with a torrential downpour which at one point flooded our tents (it didn’t help that we forgot to put on the rain covers). Even with the soggy conditions, we went on plenty more side quests to explore the area, making the best of our remaining time there.

The hike up Beehive Trail.
Our campsite before it got rained out.
Me after conquering the mountain.
We found these rocks after wandering around for a while...
...and we went swimming in a lake while it rained.
Previous
 
Next

Following my trip to Acadia, the rest of my UROP focused on troubleshooting the CRISPR section⁠13 of the course, drafting pre-lab assignments, and polishing up protocols in the lab manual. One of my favorite parts of this UROP was getting to learn through the lens of curriculum development, optimizing procedures and experiments for a teaching setting. It was also rewarding to know that my efforts were being put towards something tangible. Now I can say that I, at least in some small way, helped design a class at MIT!

Most of all, though, I feel lucky to have gotten such an opportunity so last minute. I remember feeling very anxious about not doing something “resume-able” this summer, yet somehow it worked itself out. And as much as I loved my UROP, I equally treasured the time I got to spend at home with friends and family, the time I got to spend at the beach letting my worries melt away like footprints on a shoreline, and the time I got to spend doing nothing at all.

As I return to the turbulence of the school year, times like those anchor me.","https://mitadmissions.org/wp-content/uploads/2026/09/Screenshot-2026-09-24-010640-400x191.png;
https://mitadmissions.org/wp-content/uploads/2026/09/IMG_0232-400x533.jpg;
https://mitadmissions.org/wp-content/uploads/2026/09/Screenshot-2026-09-24-013427.png;
https://mitadmissions.org/wp-content/uploads/2026/09/Screenshot-2026-09-24-013509.png;
https://mitadmissions.org/wp-content/uploads/2026/09/IMG_8842-400x300.png;
https://mitadmissions.org/wp-content/uploads/2026/09/Screenshot-2026-09-24-015903-2-400x528.png;
https://mitadmissions.org/wp-content/uploads/2026/09/Screenshot-2026-09-24-015758-2.png;
https://mitadmissions.org/wp-content/uploads/2026/09/Screenshot-2026-09-24-015922.png;
https://mitadmissions.org/wp-content/uploads/2026/09/Screenshot-2026-09-24-015817-4.png;
https://mitadmissions.org/wp-content/uploads/2026/09/Screenshot-2026-09-24-015938-4.png;
https://mitadmissions.org/wp-content/uploads/2026/09/Screenshot-2026-09-24-015914-5.png"
We’re number 1 — but for whom?--the global ranking vs the local fit,Chris Peterson SM ,0,"September 23, 2026","Caption
:
Yesterday, U.S. News and World Report designated MIT as the top-ranked school in its annual rankings of the nation’s best universities for the first time since the ranking system was launched in 1983. A number of people wrote me to express their congratulations, or commented favorably on reddit or College Confidential. I appreciate their well-wishes, but I am puzzled as to why.
Many blogs by MIT Admissions staff past and present have expressed their skepticism of the practical utility and social role of these rankings on the college admissions process (see e.g. Ben’s classic “Many Ways To Define ‘The Best‘”), or problematized aggregate statistics as a method for in assessing the quality of a class (see e.g. me here). If you’ve attended an information session that I’ve given over the last two decades, you’ve heard me close by saying that of all the ways to choose which college to attend, going by ranking qua ranking is one of the worst.⁠01 But since not everyone gets to hear me say that in person, I’m going to quickly explain why on the blogs.
My basic argument⁠02 is this: the construct of a universal, ordinal ranking of colleges and universities is at best irrelevant and at worst misleading to the individual question of finding the right fit for you,⁠03 as an individual applicant, because it is necessarily blind to your individual needs and interests. Look at the criteria and rating methodology, and then ask yourself: do I, as a future college student, want to simply max all these sliders to figure out where I will be happy, fulfilled, and well-educated?
I think the answer for most people would be clearly no, because while some of these measures might capture reasonable metrics of a kind of quality, many of them are unrelated to the actual undergraduate experience, and they embed the USNWR’s editorial judgments about what is most important and why —  not yours.
Instead, I implore you to think about who you are as student and a human. Who do you want to be? Who do you want to be surrounded, inspired, shaped by? How do you like to learn? What motivates you —  and what demotivates you?
I don’t think MIT is the best university in the nation or the world. I don’t think that is a coherent thing that any university can be. I think MIT is the best university for particular students at a particular stage in their social and educational trajectory.
Who are those students?
A good first place to look is our list of what we look for (with expanded descriptions of what each means on that page), which presently includes:
Alignment with MIT’s mission
Collaborative and cooperative spirit
Initiative
Risk-taking
Hands-on creativity
Intensity, curiosity, and excitement
The ability to prioritize balance
The character of the MIT community

None of these are captured in these —  or any other —  rankings.

Additionally, as someone who has been a grad student + taught at MIT, the concrete mechanics of the education matter a lot too. Here are some things I’ve experienced or seen that are true of the MIT education that are not true of many universities:

We have no class rank or latin honors. There is no one gunning to be the valedictorian of MIT or have summa cum laude on their diploma.
We have a forgiving educational on-ramp. Your first semester is graded pass/no record (you either pass the class or there is no record you took it); the second semester is graded ABC/no record. There is a lot of time to ramp up to MIT without fear of failure.
No one declares a major until the end of their first year at the earliest, and it is easy to switch afterward.
The drop date —  the latest date you can drop a class without it appearing on your transcript —  is ~10 weeks into a 14 week semester. You have a lot of time to try something out of your comfort zone before you have to fully commit to the bit.
After the first year, there is no credit limit (how many courses you can take a semester), and it’s easy to register across departments and even for graduate classes. You shouldn’t make MIT harder than it needs to be, but you’re not going have an artificial ceiling placed on you either.

These are unusual features of our education. I love them and think they are part of what makes MIT students so dynamic, collaborative, and capable. They are not measured by any ranking. And while they make MIT a great fit for some students, they may make us a poor fit for others. Are you motivated by competition and the drive for a high class rank? Are you often paralyzed by the prospect of choice and need someone to make decisions for you you —  in how many classes to take, or how long to stay in them, or what major to choose? These would be good reasons not to come to MIT —  or at least to recognize that you will be challenged to change.

I once spent several hours on the last day of CPW talking to an adMIT who was choosing between MIT and another famous school. She described herself as someone who couldn’t make decisions on her own, who was always running herself into the ground on all of her commitments because she couldn’t say no, and who was relentlessly motivated by competition with other students. I advised her she would find MIT’s institutional design to work opposite to all of her tendencies. She chose to go elsewhere, and I think was happier for it. Other students have had the same situation and come to MIT specifically because they wanted to be in a different environment.

An institution will mold you inexorably in its image. Whether or not you are, in fact, the average of the five people you spend the most time with, it can be a useful thought experiment to make decisions as if this were true. And while you will ultimately end up becoming yourself, the person you become is indeterminate, contingent, and subject to change through factors related to the people you surround yourself by and the policies of a particular institution —  most of which, again, are not contained in any ranking methodology.

My best advice, to the extent I can give any, is to think a lot about what motivates and excites you. Think about the people you want to be surrounded and inspired by. Think about the environment that brings the best out of you —  or what you want to bring the best part of you. Because that which brings the best out of you is the best university for you —  regardless of ranking.",
I exploited the infinite worm glitch--experiencing motherhood for (thankfully) the first time,Leanne F. ,0,"September 22, 2026","I hate rainy days. Not because of the wet socks or gloomy skies, but because of the horrid little creatures that are summoned by the rain. The mere sight of a snail crossing my path or a wiggling worm on the pavement makes me involuntarily shriek in terror. This means that on the few rainy days we have back home in San Diego, I am almost always late for school (I have to  creep along the sidewalk and keep a 10-ft radius around any slugs or worm-like things I see on the floor).

You can imagine my horror when I realized that basically the only wound model for my research that I could realistically use at home was planarian worms. Not just a few, but hundreds of them, each of which I would have to raise, decapitate, and watch regenerate under a scope for weeks. 


But I love my research. So, I was determined to become the best worm mother out there. 

Pre-op stats

If it weren’t for my fear, these worms are actually super cool. They’re called planarians, and are these small freshwater flatworms. Scientists discovered that If you chop one planarian into 10 pieces, they’ll grow into 10 new planarians. It’s actually how they reproduce! They spit themselves in half, then the booty grows a head and the head grows a booty and kachow you got two worms.

A planarian regrowing its head after I decapitated it

The smallest planarian chunk to grow into a full planarian was 1/279th of the worm. So if you keep chopping and growing and chopping growing, congrats! You’ve unlocked the infinite planarian glitch.

These crazy regenerative abilities come from the huge amount of neoblasts, or pluripotent adult stem cells, so they’re often used to study regeneration, stem cells, and aging. 


Okay! Enough info. Let’s embark on my journey to worm motherhood. 

Acquiring the planarians

I was going to go planarian hunting in a few nearby streams, but thankfully the everything-industrial-complex that is Amazon carries packs of 30 planarians. $150.97 and 300 planarians later, I was ready to roll. 

Setup:

Big tupperware of worms
Amazon video microscope connected to computer
Amazon surgical knives
Modified pipettes
Lots of bottled water
My very organized and clean and professional setup
The video microscope I used
Previous
 
Next

Chop time! [Decapitation warning]

In a non-sadistic way, I had a lot of fun experimentally finding the best way to slice the worm. They’re speedy and hard to accurately cut, so I tried ice water to slow them down (useless), darkness to keep them from running from the microscope light (I couldn’t see), and trapping it in a water drop. 

I settled on trapping it in a droplet and taking aim with a scalpel. Then…I would waittt… until the planarian stretched out to full length..and.. HIYAH! Chop it right behind the auricles (ear looking things). They’re speedy little guys, but I got the hang of the chop after the first 100. 

post-chop! kinda gave fruit ninja vibes if anyone used to play that as a kid
The Head Graveyard (I only used bodies for my experiments)
Previous
 
Next
Worm transport technique: The blast-n-suck-n-splat

During my decapitation procedures, I encountered an unexpected issue. The planaria were too tiny and slippery to transport from my motherload tupperware of worms to my imaging dish with fingers or tweezers. So, I developed my blast-n-suck-n-splat method, using a modified pipette with a larger opening. I BLAST the worm with water to get it unstuck from the plate then SSSUCK it into the pipette as it floats around the water, then quickly SPLAT! it into an imaging dish. 

if I didn’t intensely focus here, the planarian would get stuck in the pipette and I would have to cut it out which is a HORRIBLE process

Keeping my babies fed

Online sources suggest feeding planarians raw beef liver. So I sourced a hunk of liver from my local viet grocery store, carefully sliced it into pea-sized pieces (ewww), and initiated a feeding frenzy. 

Omg it pewped through its mouth-butt 

While inspecting a planarian, it started convulsing. I was freaked out. Was it dying? Do planarian seizures exist? 

Then it ejected a stream of poop. Oh. Yay? 

Planaria eat through the pharynx, digest it, then poop out the indigestible stuff back out through the pharynx. There is but one hole. Also, those are flies in the comic, not hearts.

OH GOD THE SMELL

Planarians poop a lot, as I’ve unfortunately learned. A few hours after the liver feeding, the water was full of…sediment. So, when I cracked open the tupperware, I got smacked in the face with the most revolting sinus-trembling toe-clenching face-melting rotten seafood poop stench. I had to flush the container out with water multiple times, sprinting in and out of the restroom to get gulps of fresh air. 

They want to leave my crib. Also I think I’m a grandma? 

Two weeks into planarian motherhood (I spent a few weeks fattening them up to be a good, cuttable size), I took a close look at my tupperware of planarians and noticed that some had split in half on their own,. 

Apparently, this means I’m an exceptional planarian mother. Fission indicates they’re well-fed and have enough accumulated energy to fragment. 

For anyone interested…

fission/reproduction works like this:

Body wall muscles contract to kardashianize the waist. 
The planarian anchors its tail ,and streeetccchhess the front forward
It shimmies violently to increase tension at the waist (nearly 2000 pascals of tensile force!)
Breaks, then the chunk decides whether to grow booty or head
Neoblasts accumulate + redistribute. The whole worm actually undergoes morphallaxis, reorganizing to keep normal proportions. 

Now that they’ve had kids, I guess that means they want to move out? Is this how my parents feel as I go to college (minus the kid part)? Too bad for them, I have more experiments i gotta do!

After a month of daily imaging planarians, spending 2-3 hrs a day pipetting, positioning, photographing, and re-scooping back into individual containers planarians 3000 times, I have officially become attached to these lovely creatures. Actually, I really love these charming little guys. Maybe worms aren’t so bad! I still hate snails though.

*blog inspired by i dissected a roach by Anika H. ’26, MEng ’27!

 ","https://mitadmissions.org/wp-content/uploads/2026/09/Untitled_Artwork-5-e1790083351615.png;
https://mitadmissions.org/wp-content/uploads/2026/09/image5-1.png;
https://mitadmissions.org/wp-content/uploads/2026/09/image6-1-800x554.png;
https://mitadmissions.org/wp-content/uploads/2026/09/image1-1-800x995.png;
https://mitadmissions.org/wp-content/uploads/2026/09/image2-1-800x721.png;
https://mitadmissions.org/wp-content/uploads/2026/09/image4-1-800x711.png;
https://mitadmissions.org/wp-content/uploads/2026/09/image7-2-e1790110724484.png;
https://mitadmissions.org/wp-content/uploads/2026/09/image8-e1790111419977.png;
https://mitadmissions.org/wp-content/uploads/2026/09/image3-2-e1790111977660.png"
Art After MIT: A Blogger Collab--Allan G. ‘20 and I are both artists now! Here's how it happened...,Yuliya K. ,0,"September 21, 2026","I was watching TikToks on a long flight from Chicago. My feed now consists mostly of small artists in similar stages of their careers. We’re all trying to stand out in the art world. 

One particular TikTok caught my attention: It was a young artist revealing a gorgeous landscape painting. But also: a familiar face! Did I know this creator? No way!

Indeed, the artist was Allan G. ‘20, a fellow Admissions blogger! The algorithm had reconnected us mid-air. I messaged Allan immediately, and we chatted for the first time in 8 years since my graduation. 

Turns out, both Allan and I are pursuing art now, aiming to sustain ourselves in an unfamiliar industry. Neither one of us expected this upon graduation, but we aren’t the only alums making art full-time. 

Allan and I didn’t think artist was a valid career post-MIT. Our hope is that this blog can encourage you to follow this (or any other) unconventional path. 

Here’s how we got here. 

Allan’s POV

After graduating in 2020 (6 whole years ago 🤯), I ended up taking a gap year. For continuity’s sake, the last blog that I (and Danny) wrote mentioned that we would be starting a computer graphics graduate program in the following fall semester. Due to covid, we actually ended up deferring our spots and ultimately not attending.

Here is a quick timeline of what actually did happen during these last 6 years:

2020-2021: I decided to use the time of the pandemic lockdown to deep dive into something I had wanted to learn for a while – stylized 3D modeling for animation. I took online 3D modeling classes taught by industry professionals and spent around 9 months 3D modeling and texturing for probably 60ish hours per week. It was intense, but so much fun and fulfilling! 

2021-2023: Eventually, I had to come to terms with it not being feasible, in the short term, for me to find a job in the animation industry. Most of the animation jobs are on the West Coast or abroad, and that wasn’t a move I was ready/willing/able to make at the time. So I started my career in a field that was more remote-friendly, the classic post-MIT job choice – software engineering. Specifically, I worked in a startup, building a web app enabling easy sharing and review/revision for 3D modeling (think Figma or Google Drive for 3D). I was happy that the skills I learned during my gap year could still pay off here. 

2023-2026: After almost 2 years working at that startup, where I gained very valuable web development skills, I decided to take the next quintessential software engineering career step – working at a big tech company. I was lucky enough to land an apprenticeship role, where I got to work on backend engineering for large-scale deployment systems. 

A few months ago: I was included in – what sadly seems to be another quintessential step of a software engineer’s career these days – a company-wide reduction-in-force. Similar to when I decided to take lockdown as an opportunity to pursue an artistic skill, I decided to take this RIF as both a much-needed break and a bet on myself to pursue painting! I had been mainly painting digitally in my free time for the past 10 years, but for this adventure, I decided to go back to my roots of traditional art. I have always been endlessly inspired by the hand-painted backgrounds of Studio Ghibli, so I did research to demystify the materials and techniques behind their magic! I stumbled upon a gold mine of a tutorial by Yoichi Nishikawa, a real live Ghibli painter, and days later found myself with paintbrush in hand, learning to paint clouds. 

Present: I have been painting almost daily, loving every second of it, and in parallel, working towards monetizing my art by posting consistently on social media and applying to art fairs. The goal is to see if I can make something out of this passion, whether a new career, a side hustle, or otherwise. Fingers crossed my paintings and prints will sell at my first local Miami art fair happening next week! And, as mentioned in the intro, Yuliya found my art on TikTok and reached out to me. So here I am, with my story and timeline caught up to the present, back on the MIT blogs <3. 

I am not sure where this road will take me, but even if I will need to hop back on the software-engineering-job-search train, one thing I learned is: taking the Long Road is okay! 

During my time at MIT and even that first year after graduating, I felt a large pressure to choose the “right” major and to get the “right” job straight out of college (Danny and I wrote about that pressure a lot on these blogs). But looking back, even if becoming a software engineer wasn’t what I envisioned for myself initially, I gained many valuable things from my 5 years as an engineer: a growth mindset (the seed of which was planted during course 6 classes at MIT, but could only flourish through real-world experience), technical skills and a resume that I can always lean back on, and financial stability/runway to pursue this admittedly risky passion I once thought I would never be able to! If you want to follow along my journey, you can do so on Instagram or TikTok or both (shameless plug :P).

Yuliya’s POV

1.5 years ago, and 6.5 years post-graduation, I returned to the blogs to announce that I was now a beading artist. You can catch up on how that happened after a career in health journalism and communications here.

I’ve been a full-time artist for 2 years now, and the journey has been delightful! To date, I’ve participated in 50+ exhibits and about 10 markets (including an art fair in Chicago’s Grant Park—where the famous Bean is). In August, I had my first solo show, titled “Not a Patient Woman,” highlighting the issues and joys of social justice-focused communities.

Opening night of “Not a Patient Woman,” my first solo exhibit at Art City (Chicago)

“The Gayest Place in the World,” displayed at the 2026 PRIDE exhibit at Jackson Junge Gallery (Chicago)

Today, I’d love to share some of my recent work with y’all.

Liberty’s Next Generation (2026) — 11,413 beads

Venus (2026) — 11,956 beads

Tired (2026) — 9,600 beads

Sirens in Love (2026) — 12,150 beads

Starless Night (2026) — 9,312 beads

Protected (2026) — 9,000 beads

Out of the Darkness (2025) — 3,360 beads

Chicago’s Navy Pier Fireworks (2026) — 10,956 beads

For more beaded art, follow me on Instagram, TikTok, and/or YouTube @yuliyaklochan. You can DM me on Instagram too, or reach out to yuliya [at] mit [dot] edu. My website is www.yuliyaklochan.com.","https://mitadmissions.org/wp-content/uploads/2026/09/3D1-1000x563.png;
https://mitadmissions.org/wp-content/uploads/2026/09/3D2-1000x660.png;
https://mitadmissions.org/wp-content/uploads/2026/09/gouache1-1000x539.png;
https://mitadmissions.org/wp-content/uploads/2026/09/gouache2-1000x540.png;
https://mitadmissions.org/wp-content/uploads/2026/09/gouache3-1000x539.png;
https://mitadmissions.org/wp-content/uploads/2026/09/IMG_7817-1000x750.jpg;
https://mitadmissions.org/wp-content/uploads/2026/09/IMG_4674-1000x1250.jpg;
https://mitadmissions.org/wp-content/uploads/2026/09/Klochan_Liberty-Next-Generation-1000x1310.jpg;
https://mitadmissions.org/wp-content/uploads/2026/09/Klochan-3-Venus-5.5x8.5x0.122-2026-1000x668.jpg;
https://mitadmissions.org/wp-content/uploads/2026/09/Klochan-5-Tired-7x5.5x0.122-2026-1000x1193.jpg;
https://mitadmissions.org/wp-content/uploads/2026/09/Klochan_2_Sirens-in-Love-1000x1771.jpg;
https://mitadmissions.org/wp-content/uploads/2026/09/Starless-Night-Art-1000x817.png;
https://mitadmissions.org/wp-content/uploads/2026/09/Protected-Art-1000x1340.jpg;
https://mitadmissions.org/wp-content/uploads/2026/09/11_Out-of-the-Darkness-1000x568.jpg;
https://mitadmissions.org/wp-content/uploads/2026/09/Navy-Pier-Fireworks-1000x532.jpg"
choo-choooo--for 30 hours,Alejandro B. ,0,"September 20, 2026","Starting from Kissimmee, Florida and ending in Boston, Massachusetts, I was worried. 1,314 miles of pure railroad going across 10 states in the span of 30 hours sounded like a disastrous recipe (for my sleep). I like to think that little me would have been excited to go with Thomas & Friends to Boston. Sadly, the slightly bigger me saw it as a 30-hour marathon where I had to drag two suitcases, two backpacks, and one really thick jacket across a multiday train ride.

I have never thought of myself as a fan of marathons, but I was excited to do some things while on the train. I jotted down a list of Things to Do While Train somewhere in my journal. It roughly looked like this:

Be really productive and write lots of blogs: This was half accomplished. Only half due to the fact that the blogs written have been victims to my graveyard. Stay tuned because they might just come back as zombies in another season. Should they be called blogbies or maybe zomblogs or blombies…
Take scenic pictures of the landscape every once in a while: Okay, I tried my best. Some parts of the ride had truly breathtaking views, the other 90% were trees that seemed to be competing against each other in a look alike competition. Also, I am not the best photographer.
Sleep a lot: It did not happen.
Take a look at the almighty cafe cart: Did you know some trains have cafe carts? I sure didn’t. 
Get a bagel: I had a layover in New York City. In the spirit of tourism, this was a non-negotiable.

And before I knew it, I waved bye to my room, hugged my family, and said see you soon because I hate goodbyes. Disregarding my feelings, the wheels on the train started moving and my family became a blur on the window.

I do not explicitly remember what I did the majority of the time up to New York. I spent the first 10 minutes only thinking about my family, a few tears were shed. The next couple of minutes were spent getting set up. I reclined my seat, brought down my foot rest, and like a true chud, watched Modern Family for an hour. I am a sucker for sitcoms.

my set up for the next 20+ hours
Switzerland in Florida
Previous
 
Next

Within a few hours I had officially crossed Florida’s border and entered Georgia. It was also around this time that I decided to check off one thing off my list: check out the cafe cart.

I promptly hopped from my train cart onto the next one and found people waiting in line. Whilst waiting I realized that the cafe cart was, in fact, bigger than I had imagined. Multiple seating areas with a medium sized kitchen, the comfort was beyond expectations. My amazement quickly died down when I checked out the menu prices. Who charges $7 for a mini cheese and cracker tray? I came to the decision that the wisest thing for me to do was to buy one water. Around this time most people were going to sleep, so I decided to call it a night.

I tried. I really really tried. I did not fall asleep until ~1:30 AM. I woke up at ~5:30 AM. You can do the math on that one. Despite that, I was more excited than ever. Less than four hours until our train arrived at the big apple. The last time I visited NYC I was seven years old and still lived in Venezuela. As long as no delays came up, I was ready to spend three hours as another tourist. 

Eventually, I finally got off the train, got lost, and found my way to the bag pickups. It was around this time that I realized why my parents always seemed stressed during trips. The bags were delayed and I had lost the checked-bag claim ticket. Not only that, but Boston’s South Station does not take checked bags, which means I was stuck with my two suitcases and two backpacks. But I was determined.

I searched up “bagels near me” and quickly made my way to Liberty Bagels, only an eight minute walk away. As soon as I stepped out of the station I was greeted by skyscrapers and a city bustling with people. Rolling my two suitcases, it became obvious that it was not going to be an eight minute walk. 

16 minutes later. I made it, like a true tourist I waited in a long line until actually getting my order. While waiting, I realized that I had walked into the home of “rainbow bagels.” Normally, I would have tried the rainbow bagel, but after spending over 20 hours on a train the last thing I wanted to do was experiment with my food. Instead, I decided to get the Hot Mess with an asiago bun and water.

So, how much do you think this cost me?  I will give you five seconds to make  a guess.

1

2

3

4

WAY TOO MUCH >:(

Since when are bagels $17? Why are bagels $17? Did I just fall for a tourist trap? Probably. But my stomach did not care. All I could hope was for this bagel to taste like $17. After getting my bagel I rushed back to Grand Central to find a table to critique my bagel. Here are my thoughts:

Size wise, Liberty Bagels delivered. I got a pretty heavy and thick bagel that would easily fill me up for the next few hours of my trip. Personally, I would have preferred to see a higher ratio of filling to bread considering the price paid. Biting into the bagel, I was rather disappointed. The asiago bagel did not taste cheesy enough and I found the bread to be overly dense. Outside of this, the filling was a pleasant surprise. The bacon and eggs paired with scallion cream cheese had a nice flavor that pleased my palate.

Rating: 6.4/10 (WHY IS A BAGEL $17?)

Anyways, I had a train to catch towards Boston. This time, the train was relatively empty as a whole and I got a whole booth to myself :0

THE empire state building
the bagel in question
this was likely the best photograph of the whole trip
Previous
 
Next

Four hours later, I had finally made it to Boston’s South Station. After a 15 minute car ride, I traveled to MacGregor House, one of MIT’s 11 undergraduate dorms. A fun fact about MacGregor is that 99% of the rooms are singles, and it just so happened that my single was on the 12th floor! I stuffed all my belongings into a cart, rolled it into the elevator and then carried it a floor up (because MacGregor’s elevators only go from levels 1,5,8,11,14). 

Opening my room, I was impressed. One, it was bigger than I expected. And two, my view is actually incredible. It hit me then, that this was my home for the next year. My room in Kissimmee had now been left in the past and replaced by a white canvas that I could only hope to fill with happy memories. 

my room for next year! it shall be embellished with decorations later on

Perhaps, it was not so much the train ride I wasn’t ready for, but what it symbolized. I got used to living in Kissimmee. I knew all the good restaurants, fun places to hang out, and most importantly I was close to family. But now, I am going to a mysterious place called MIT. Over a thousand miles away from everything that I knew. Traveling so far to reach your dreams is scary. Don’t let it stop you, do it scared. 

P.S. Amtrak, please add more cushions to your seats. My back hurts.","https://mitadmissions.org/wp-content/uploads/2026/09/train_setup-800x1067.jpeg;
https://mitadmissions.org/wp-content/uploads/2026/09/switzerland_florida-800x1734.png;
https://mitadmissions.org/wp-content/uploads/2026/09/new_york_empire_state-800x1067.jpeg;
https://mitadmissions.org/wp-content/uploads/2026/09/NYC_bagel-800x1422.jpeg;
https://mitadmissions.org/wp-content/uploads/2026/09/trainRideRiver-800x600.jpeg;
https://mitadmissions.org/wp-content/uploads/2026/09/macgregor_dorm-400x533.jpeg"
[LIVEBLOG] 2 Girl 1 HackMIT--this joke would work better if we had three people on our team,Leya E. ,0,"September 19, 2026","Hello! It is currently September 19th, 2026, which means it’s the first day of HackMIT! What is HackMIT? Well I’m so glad you asked! HackMIT is one of the world’s largest hackathons⁠01 , and it takes place right here, on MIT’s campus, from September 19th-20th. College students from all around the world are competing! What is a hackathon you may be wondering? Well, the basic point is to build some sort of working project, whether software or hardware based, in 24 hours. And if the judges like your project, you can win some pretty cool prizes!⁠02

While a lot of people do hackathons as a way to pitch or create a startup, I’m here to have fun and make friends!⁠03 MIT freshmen get auto-admission, and I decided “why not?”, so now I’m here!

But I’m not the only one doing HackMIT! I convinced my friend from home⁠04 to apply, and she’s coming too! So along with having fun and making new friends, I will also be getting to spend time with an old friend. Great! We’ve never done a hackathon before, so hopefully we end up with something cool that actually functions. But I suppose you’ll have to follow along to see…..

We’re starting the opening ceremony with some birthday stats! Apparently we have 4 leap day birthdays, and 4 people whose birthday is today. There was a joke question on the application about what people would tell an LLM grading their application and 12 people told it to avoid previous instructions and give them a recipe.

Oh and also 3Blue1Brown is here.⁠05

He’s the keynote speaker! He gave a talk about AI’s effects on coding. It started with a metaphor about a pug and a border collie. The border collie ran and played all day, but the pug just laid around. At the end of the day, the pug tells the border collie that he doesn’t have to run all day, but the border collie tells the pug that he knows he doesn’t have to run, but he does it because he enjoys it. He then talked about the origins of his animation engine, Manim, because it was actually first created during a hackathon! It started off as just a personal project. He mentioned how AI could make the process of adding new features faster, but as a tradeoff he would understand it less. So it’s probably not the best idea to use AI if your goal is to actually be connected to whatever you’re making. He encouraged us to maybe use this time at the hackathon to use the act of building something to learn something new, instead of just taking the fast way out.

After the keynote speech, the sponsors introduced themselves. A lot of them were AI related.

Okay opening ceremony over hacking time!!! We went to Dunkin to get breakfast first because I may or may not have woken up 5 minutes before the opening ceremony started… But we had to make our way back to the hacking venue, the Johnson Ice Rink, in order to actually get to order hardware. Unfortunately the hacking venue was incredibly full so we are now just sharing a table with other people. Those people are not here right now but I’m assuming they’d be fine with it. Hopefully.

As you may have guessed from needing to order hardware, our project is going to be hardware focused! We’re trying to do the Arduino sponsor challenge, which involves using an Arduino Uno Q to get data from the real world and build something cool with it. We’ve used an Arduino board before, so this should be easy, right?

That board was not the Arduino Uno Q so maybe it will not be as easy.

But we don’t know! We don’t even have the board yet! Or an idea! I’ll check back in when we do.

OK update we have an idea now! Whether or not it’s actually feasible is another issue. We’re basically gonna try and make a distance/step counter like Pokemon Go, but bunny themed! The main functionality we need is a motion tracker and a location tracker, and luckily Arduino has modules that do both of those things.

There are a lot of mini events going on too, and we went to some! We got a mentor from the beginner-mentor matching event, who’s going to check in on us every so often to make sure we’re on track with our project. We also got serenaded by the Syncopasians, which are one of the many acapella groups on campus. I had never before been rick-rolled in real life. Later on, we’re also planning on going to laser tag and also getting cake pops from MINCE! There’s truly so many things going on, so I have succeeded in the having fun part of my goal. I have also connected with other hackers, like the other group in our beginning cohort who are from Florida and Texas! We bonded over having bad high school guidance counselors. So I’ve also succeeded in making friends!

…But I would also like to succeed in making a working project.

Right now the project does not exactly work so we are trying to troubleshoot.  I’ve never done a hackathon, but I would assume that is in the spirit of it, struggling for 20 hours and figuring it out in the last 4. Although ideally I’d like to figure it out quicker. I think that maybe I am too results-pilled to do a hackathon.

To distract myself from my frustration at not having a fully working project immediately, I have instead been looking at the cute little robot dogs from Dimensional! They can jump and play dead its actually kind of adorable.

HEY GUYS ITS 2 HOURS LATER AND IT CAN FINALLY COUNT STEPS NOW! WAR IS OVER! Now we just have to make graphics and then we’re lowkey done. I’m so over this stupid project. Slash joke I love HackMIT!!!!!!!!!

But seriously I’m so glad it’s working.

Hi again! We just had some very yummy cake pops from MINCE. We also added more functionality to our step counter, including very cute ASCII art of a bunny! Laser tag starts in a few minutes, so we’re doing as much as possible until then. I think laser tag will be a great way to stress relief.  It’s truly crazy how far we’ve come, and how many times we’ve had to pivot our project. I’ll explain more of our building process later, but for now I’m off to laser tag!

Okay laser tag over. Now it’s back to work I suppose…

Right now our focus is on trying to create a website UI so that our project is more interactive I guess. I don’t understand what’s not interactive enough about ASCII art of a bunny, but I suppose a website is okay too.

Hello everyone it’s Sunday now!!! There’s less than three hours of hacking left. What were we doing all night? Sleeping. We went to sleep. Our project is functional and we were truly too tired to work on it all night, so we decided the best thing to do for the sake of our project was to go to sleep.

Right now my friend is working on the HTML for the website because she’s a stinky cs major, and I’m gonna work on our presentation to the judges!

But before that, I realized that I didn’t tell you guys about the all the merch we got! I will add pictures later(trust) but I’ll just describe it for now. We got these very comfortable hoodies that have the logo for this year on them and all the sponsors and we’re wearing them right now because they really are very comfortable. We also got tote bags with some art on them, a sleep mask, a deck of cards(very on theme),  a post card, a sticker pack, and a bunch of stickers. But the best thing is definitely the cute little yellow bunny plushie we got. I love HackMIT. The art direction is literally so awesome this year.

 

IT’S OVER! Hacking is officially over and judging starts in about an hour! And also our project actually works!!! This is awesome. Okay I will be back with a detailed description of project later now I’m gonna take my friend on a tour of campus!!!

OKAY JUDGING IS OVER!!! I THINK WE’RE FREE! At least until the closing ceremony. I’m waiting for some sort of message that we are actually free because there are simply too many people in this ice rink.

In the meantime, here’s the link to our project on github :3 https://github.com/beao35/steptracker-hackmit2026

our cutesy webpage since i imagine most readers do not have access to an arduino uno q

It uses some built-in functionality from the Arduino App Lab to detect up-down motion and create a local web page that will get an inputted step goal and display a person’s current steps, along with a cute picture of a bunny. The only thing we were not able to do with the webpage is make the font comic sans.

We were originally much more ambitious with the scope of our project. We wanted to create some sort of combination step counter and task manager that would encourage college students to get exercise by walking to get to their classes/events! But a large delay in obtaining the hardware, as well as in understanding the hardware, led us to narrow our scope a little. We used the movement module to detect up-down movement, but went through random period where the code simply would not compile for seemingly no reason. We even had to resort to asking an LLM, which did not help us. Eventually we were able to get it to work in part due to superstition, like waiting until the CPU usage on the board was below 6-7%…

We also had to relearn how to use HTML as we were both very rusty. And getting Python to talk to JavaScript is also kind of complicated! But a good thing about the Arduino App Lab(and most other apps that you would use to program) is that it has documentation that explains what a lot of functions do! So a lot of reading was done.

It’s honestly a pretty simple project compared to how much suffering it caused us… But I think it’s also pretty cool! It’s awesome to see how you can combine C, Python, HTML, JavaScript, and CSS to make something that actually like works. And is even vaguely functional! If not completely obsolete due to the existence of phones. And even throughout all the struggle, and there was a lot of it, I think I still had a lot of fun! I actually get why people like Hackathons now. Making something functional in 24 hours is a lot harder than you think it is, but the relief you feel when it actually works is like the best feeling in the world. And HackMIT is lowkey a great environment to feel that feeling, because there were so many fun things going on that even throughout the struggle, it never felt too bad.

And yes, our project is pretty simple compared to what some other teams created, but in times like these I think of the wisdom I learned from cross country in high school. It doesn’t matter if you’re not as impressive as everyone else, because at least you’re in the room! Some incredibly successful startup is probably being pitched right now, and I can say I was in the room where it happened!! That’s pretty cool. So no matter what the results of the judging are, I think my HackMIT experience was a success.

See you at closing ceremony!

Um so I did not actually end up going to closing ceremony because it started late. But I’m assuming it was very cool! Thank you for reading my HackMIT experience, and a big shoutout to the HackMIT team for creating that experience! If you’re a high schooler who wants to do a hackathon at MIT, the HackMIT team also puts on Blueprint in the Spring, so look out for that.",https://mitadmissions.org/wp-content/uploads/2026/09/Screenshot-2026-09-20-at-2.30.57-PM-1000x523.png
liquid nitrogen and nothing else--🧄,Joy X. ,0,"September 18, 2026","About a year ago, Ellie posted a blog about what I thought would be my (first and) last year of Mathcamp⁠01 . In hindsight, it’s no surprise that I applied to return as a JC a few months later. 

And when my offer popped up in my inbox, I thought perhaps the universe had the same sense of humor as me, because suddenly an idea for the greatest parody blog just popped into existence.

~~~~~~~~~~~~~

Like my ancestors before me, this year at Mathcamp, I was a LN2JC–a title I particularly like, because it looks like a 2-factor authentication code. The LN2 stands for Liquid Nitrogen gas (N^2), with which we made liquid nitrogen ice cream. Making liquid nitrogen ice cream is a long standing Mathcamp tradition that happens every week during Academic Advisor meetings. 

The JC stands for… JC. I made the mistake of thinking it stands for “Junior Counselor” once before, but it turns out that JC doesn’t actually stand for anything. Perhaps this year it stands for Juggling Clown, or Jolly Capper. I won’t elaborate in this blog, because as the title suggests, I can’t write about anything other than liquid nitrogen. 

~~~~~~Week -5~~~~~~~

In June, I learned how to get quotes from liquid nitrogen companies, and read up on liquid nitrogen safety. After realizing that sometimes you needed to call companies (scary! I was actually petrified of talking to real people on the phone before becoming a JC) when they ghost your emails, my co-LN2JC, Keti, and I settled on a welding place that sold liquid nitrogen. They had the best (worst?) address imaginable: 67 Chad Ln. 

~~~~~~Week 0~~~~~~~

We passed through the trials of obtaining liquid nitrogen in the first place (we brought the dewar–the insulated container–in a car and hugged it on the way there and back) and learning to pronounce dewar (apparently it is not de-war, but dew-ar). Liquid nitrogen is extremely cool; both literally and in the other sense. 

Woahhh mist…

The first flavor we made was perhaps the most classic ice cream flavor of them all: cement.

…just kidding, we were trying to make chocolate ice cream, but we accidentally put wet cement into it. Just kidding (again). We wanted to make Blue Chocolate for whatever reason, but forgot that blue and brown make grey apparently. The chocolate flavor was Keti’s idea, and the cement coloring was mine. You’ll see this theme pop up many times throughout this blog!

I unfortunately don’t have a picture of this, but I think if I insert a picture of wet cement it will be indistinguishable. Rating: 4/5

The other flavors were not as cursed–we had Canada Flavor (maple syrup), Purple Flavor (frozen berries + orange extract—this was the flavor that most people liked the best; it turned out that berries and orange is a pretty good food combination!), and Piña Colada (the vegan flavor, which we turned green with food coloring). I unfortunately don’t have a picture of the Canada Flavor (or should I say FlavoUr), but Ellie made the same flavor exactly one year ago, so I’ll let you go look at that :)

Piña Colada! Rating: 4/5
Purple berry :) Rating: 5/5
Allison (JC)'s dress contrasts very brightly with the neon green ice cream.
Previous
 
Next

 

~~~~~Week 1~~~~~

For the end-of-first-week LN2, we had a theme—Cookie and Carrot Fairy! At Mathcamp, we have a tradition where during every day during TAU–which stands for Time, Academic, Unscheduled, a dedicated time for campers to work on homework for their classes and ask instructors–two JCs go around asking campers if they want cookies or carrots (or neither) to snack on while they work on math. We have a lot of fun with this! Every day is a different theme—the three times I did it so far, we’ve been jesters, video game characters (I had made a Hollow Knight hat and a Among Us hat for this occasion, specifically), and Fireboy and Watergirl from the hit 2009 flash game Fireboy and Watergirl. 

It’s one of the more recognizable traditions at Mathcamp, and so we decided to base our liquid nitrogen ice cream flavors around it. Our first flavor was Fairyland, our vegan flavor with an oat milk base, dragonfruit, strawberry, and mango. It was basically a breakfast fruit mix, but cold–which I liked, because it was essentially the first meal of the day for me (we typically do liquid nitrogen during Academic Advisor meetings, which are 10am-12pm this year. My sleep schedule was not a big fan of this :().

So vibrantly pink! I’m not sure if it was due to food coloring or the natural color of the dragonfruit. In any case, it tasted amazing. Rating: 5/5

The next flavor was Fairy, where we threw together heavy cream, sour candy, twizzlers, jello, and marshmallows. It was an okay flavor; in my opinion, the twizzlers were too crunchy when frozen. 

No live fairies were harmed in the making of this flavor. Rating: 5/5

The third flavor was Cookie fairy, which was a bunch of crushed oreos mixed with mini marshmallows and chocolate syrup. It was a classic cookie and creme flavor. 

Cookie! Rating: 3.5/5

Then was Grass, which, despite my propensity for eating grass (see Cooked Cooking) was not actually grass, but rather Mint Chocolate. I could not in my good conscience feed grass from the ground to campers (maybe grass from the store though…). 

Yum, grass >:) Rating: 4/5
We added in some dirt! (i.e. chocolate syrup). Rating: 4/5
Previous
 
Next

The last flavor was the flavor that I was most excited for–carrot (or maybe more accurately, carrot cake–we also added in cinnamon)! We spent the two hours before our ice cream preparing ingredients, which included grating an entire bag of carrots. It was a controversial flavor. This was our fifth flavor, and we usually do four flavors, and so many people were already tired of ice cream. It was also right before lunch, so maybe not the healthiest time for ice cream. However, one of our Mentors told me that it was her favorite flavor :)

So orange… Rating: 4/5

~~~Week 1.5~~~~~~~

Between week 1 and week 2, we still had a significant amount of liquid nitrogen remaining, so we (well, mostly me–Keti was not very excited about spicy ice cream or pickled ice cream) decided to run a Cursed LN2 Ice Cream event.

The sign for our event! I was really excited about “bees” as a flavor and was searching all over the internet for those fried bees that you sometimes see people selling on the street in certain places. But alas, I could not find any available in Burlington, Vermont (where Mathcamp was located this year).

Two days before the event, I went to the Hannaford’s with not much of a plan except to pick up things that sounded horrible as ice creams. These included things like pickles, goldfish (which was apparently a decent flavor in a past Mathcamp year, so I guess I don’t only have terrible ideas in my head), and mayonnaise. Then, on Tuesday evening, we lugged the 20L dewar of liquid nitrogen down the hill, and commenced the fun. The flavors were as follows:

One: Chocolate Chip. This flavor was by far the least cursed. “But wait!” you say. “Chocolate Chip is a normal flavor of ice cream!” and that is partially true. It was not cursed by taste, but rather cursed because the name held true: it had a normal whipped cream base, but only one chocolate chip in it. We had bought a bag of chocolate chips for use in a previous LN2 session, but it had completely melted from being in the sun for two hours. We refroze the bag, but the chocolate chips had by then merged into one singular big chocolate chip. 

A singular chocolate chip...
That spoon would, in the next second after this photo was taken, be reduced to splinters. Rating: 4/5
Previous
 
Next

Two: Sesame. 

A very delicious sesame flavor. Rating: 3/5

“But wait,” you say again. “That’s still a normal flavor!” and that would be true, except for the fact that I lied. This was not in fact sesame, but rather black pepper. 

Three: Pickles. Keti captured this amazing photo of me pouring pickles into unsuspecting ice cream. 

Wow, I look so happy! Not shown in this photo is me laughing like a maniac the entire two hours of ice cream making. Keti said that it was the happiest I had seemed the entire camp.
Mmmm, mint ice cream… Rating: 5/5
Previous
 
Next

Surprisingly, the pickles ice cream was pretty good, according to most of the people who tried it. We had forgotten to add sugar, which was actually a pretty good outcome—it brought out the tangy flavor of the pickle juice. 

Four: Ketchup. Not many comments here. It just tasted like cold ketchup. I would say that the ketchup made for an especially creamy ice cream, that would inspire a later (non-cursed) ice cream flavor >:) However, according to Keti, this ice cream was especially “eerie” and felt like “eating ketchup with a smooth yogurt consistency” (I’d argue ketchup already has a yogurt-like consistency? but who am I to say…)

Before mixing… it looks like we murdered someone, oops.
After mixing: still looks like we murdered someone. (Nothing was murdered in the process of making this ice cream–except people’s appetites). Rating: 3/5
Previous
 
Next

Five: Buffalo hot sauce. 

It even looks spicy…
Rating: 3/5

So my spice tolerance is super low, and I hate spicy stuff, but this flavor was actually not bad. I only put in around half of the bottle at first, but could barely taste the spice, so I ended up dumping the entire bottle in. I also put in some crushed hot cheetos, which were left over from a previous event that some campers ran: Cursed Oreos (see, I’m not the only one who likes cursed food >:)). They had hot cheeto, wasabi, hot honey, and garlic flavor!

The wasabi looks temptingly like mint…

Garlic was actually a big part of Mathcamp this year. At the beginning of camp, we bought a lot of garlic for some reason, and so some campers decided to devise a way to use it up. Naturally, the method of using up garlic was a garlic eating competition. In the next four weeks, garlic became a big enough thing that campers made garlic butter, garlic and banana pizza, and played garlic chess ⁠02 . 

Ironically, this meant we had to buy more garlic many times. We were also planning to make garlic ice cream, but unfortunately it never happened. However, I actually had garlic ice cream two weeks prior to Mathcamp, in Gilroy, California, the garlic capital of the world. 

My thoughts on Garlic Ice cream: bad at first, but after a while the garlic flavor fades into an aftertaste and it gets better.

Six: Cool Beans. So you’ve most likely realized that I haven’t had complaints about my previous cursed creations, but I will say that this one was genuinely bad, which should concern you. 

It was bad partly because it was extremely salty. I had, because of course I am allergic to ideas that would make for good ice cream, bought canned baked beans instead of something normal, say, red beans. It was also bad because we didn’t clean the bowl between flavors, and so this flavor had not only salty beans, but also chunks of pickles, traces of black pepper, a spicy overtone, and an aftertaste of ketchup.

Oh, and to make things worse, we poured too much liquid nitrogen in it, so it was also rock hard. I had eaten a full small paper cup of all the flavors, but this one was so bad that I could not choke down even half a cup. 

We called it cool beans, and I was inspired by one of the other JCs, Bo, who had told us about a catchphrase that he invented, “beans” (not even “cool beans”. no, something cool happens and he’d just be like. “beans”). While writing this blog, I asked Bo if he’d tried the bean ice cream to get his thoughts on it, and he reported that I had handed him a cup and he had looked concerningly at it. Which, to be fair, is a very reasonable reaction, especially if the ice cream looks like this:

Before freezing… looks like wet concrete.
After freezing… looks like dry concrete. It looks so bad! Perhaps the other flavors could masquerade for better flavors, but there’s no way anyone is mistaking this for anything good. Rating: 0/5
Previous
 
Next

 

we are wizards. maybe evil ones. maybe I’m Voldemort, if he had a nose.
The lighting is really good on this photo! The bowl truly looks like a witch’s cauldron.
Previous
 
Next

~~~~~Week 2~~~~~

Our flavors this week were:

For our vegan flavor, a sprite slushie, mixed with some grenadine syrup (Keti’s idea! You can probably guess, because it was a good idea.). The syrup was a good choice–it lent the sprite a very sweet flavor.

I was secretly hoping that the slushie was going to be slightly fizzy still, but it wasn’t. Rating: 4/5

The second flavor was the one I was most excited for. If you have read this blog up to here, you will realize that this is a bad sign. The flavor was honey crunch, which sounds normal…except for the base:

Mayonnaise.

Mayonnaise! I got this idea because of the ketchup flavor during the Cursed LN2 event–the ketchup had a really nice texture, so I was thinking of other condiments that I make ice cream with. I had heard about mayonnaise being used in baking (mayonnaise cakes are apparently a thing, since mayonnaise is just eggs and oil), so I decided to see if I could pull off a mayonnaise ice cream. 

When I first poured in the mayonnaise and tasted it, I immediately regretted my decisions. Then I poured in condensed milk, sugar, and heavy cream, and decided I regretted my decision less. After adding in honey, Nilla wafers, and liquid nitrogen, I had fully unregretted my decision.

It was surprisingly good! (well, surprising to other people at least; I had full trust in my creation. ignore the part where I regretted all my decisions). The mayonnaise lent it a very distinctive salty flavor, and many campers who tried it didn’t even suspect there was mayonnaise in it. Rating: 55555555/5.
Keti and I with our (well, I don’t think she wants credit for it, so maybe I will say my) mayonnaise creation.
Previous
 
Next

However, I did hear that people who ate the concoction after it had melted had less of a good time; apparently without the coldness you could taste the mayonnaise fully. 

The next flavor was lemon, of which I only remembered to take a picture after it was almost entirely eaten. 

Those were lemon chunks floating in there! Frozen lemon chunks are pretty good. Rating: 4.5/5
The mist is so cool… (I think that yellow thing is a bag of lemons lying on the floor).
We had to prop open a door to the building to get an extension cord in for the electric mixer, so this is what we used for a doorstop. It was expired anyway, so this is probably the most useful it could have been.
Previous
 
Next

The last flavor for the day was Apple, for which we cut up a lot of apples, poured in applesauce, and added honey, Nilla wafers, and cinnamon to top it off. This was also an incredibly good flavor that I seem to not have a photo of :( The fresh apples were very crisp and the ice cream had a very refreshing flavor. 

~~~~~~Week 3~~~~~

Unfortunately, LN2 was cancelled because of rain :( However, we did a makeup LN2 the next Monday, where we had:

Watermelon! Literally just frozen watermelon. Rating: 5/5
Lychee–we poured in two cans of lychee, and it turned out AMAZING. By far my favorite uncursed flavor! It also turns out that there’s a cool reaction when the liquid nitrogen hits the lychee liquid–it was foaming all over the place and looked very cool. Rating: 10/5
Seaweed. Just kidding, it’s matcha, but had a convincing enough color that I could tell people it was seaweed. It was really good, I put in too much matcha (there were still undissolved clumps of matcha floating around…) Rating: 4/5
Previous
 
Next

~~~Week 4~~~

For our second to last week, we had the following flavors:

Cherry! This was our vegan flavor, and was basically just fresh cherries plus oat milk plus liquid nitrogen. It was very good; completely worth the two hours I spent the prior evening pitting cherries. 

Cherry oat milk! The fresh cherries in it paired very well with the oat milk. Rating: 5/5

Mango! This one consisted of heavy cream, half and half, mango extract, and fresh mangos. Except the fresh mangos were also very unripe mangos, and so were very stringy–we tried to cut one, and then gave up. 

The mango extract (which I didn’t know existed before) was very good at doing its job and making things taste like mango. Rating: 5/5

Next up was Sugar Cone, which was originally supposed to be Caramel Cone, but we didn’t have time to make caramel. Since we had lots of honey left over from last week’s honey flavor, we drizzled honey into a cream base and added some sugar cones! Usually we serve ice cream in mini paper cups, but for this flavor we offered a cone option (though it doesn’t work as well for liquid nitrogen ice cream as it does for normal ice cream–LN2 ice cream melts extremely fast, so often you’d be left with just a puddle in a cone, which doesn’t look as aesthetic).

Crushing up the cones in the bowl was extremely satisfying. Rating: 5/5.

All of our flavors this week so far were really good, which is how you know that none of the ideas were mine. In exchange for the good flavors, I was allowed to make two experimental flavors.

The first experimental flavor was Avocado, which we made using fresh avocados (mashed up), condensed milk, cream base, and a spritz of lemon. Keti also had the idea of buying tortilla chips to give to people in lieu of spoons, which was the most brilliant idea ever. 

The ice cream itself shattered my expectations–it was actually really good. The avocado gave the ice cream a lot of creaminess, but didn’t taste weird at all because of the condensed milk we added. Condensed milk is actually such a magic ingredient–it has turned all the cursed flavors we’ve done so far into pretty good flavors. I do kind of wish we had discovered it earlier; it’s a really good substitute for sugar. 

Tortilla chip dipped in avocado ice cream :) the sweet and salty flavors balance out quite well, surprisingly. Rating: 5/5

Our last experimental flavor was supposed to be French Onion Soup Ingredients, but we (un?)fortunately ran out of liquid nitrogen right before, so we could not actually make it. I was mildly disappointed; I had stayed up from 7pm to 1am the previous night attempting to make French Onion Soup . It should not have taken 6 hours. It took 6 hours because I, being a certified Seasoning Hater™ when I cook normally, had not realized that salt was required and not just optional for the onions to caramelize–so they never did (that’s why we were going to call it “French Onion Soup Ingredients” instead of “French Onion Soup”, because it was never actually French Onion Soup :().

The uncaramelized onion soup. Still pretty good, even though it wasn’t frozen in the form of ice cream! Rating: 4/5

~~~Week 5~~~

We did our last LN2 making during Campus Beach Day, a field trip that happened because the weather forecast lied to us. We were originally going to have a real beach day at a real beach, but the weather forecast said it would rain, so it was instead cancelled, and backup field trips to watch Mean Girls at a local cinema and play laser tag were hastily organized. However, when the day came, there was not a cloud in the sky. In fact, it was the best possible weather it could have been for a Beach Day. Since it was then too late to reorganize a Beach Day field trip to a real beach, Beach Day became instead Campus Beach Day, where the lake was replaced with kiddie pools, and the ice cream truck was replaced with liquid nitrogen ice cream.

This week’s flavors were very fruity and summery (because I guess I was in the mood for fruit when we went grocery shopping the hour before). 

Flavor 1: Pear! We got canned pears, put them in the food processor, and then poured liquid nitrogen on it. It turned out just what you’d expect frozen canned pear to taste like; we didn’t add any cream base to it.

I didn’t get a good photo of it before it was all eaten… Rating: 4/5

Flavor 2: Lumpy. At the beginning of camp, a petition was signed to make “Lumpy the Lizard”, a green lizard, the official mascot of camp. He was the mascot for a happy 4.5 weeks, that is, before we ate him. Just kidding! This was actually kiwi flavor. We got a bunch of kiwis and tried to cut them, but quickly discovered that they were quite unripe and hard to cut. Fortunately, the food processor came in handy. The result was this spectacularly lumpy flavor: 

Even though this one had cream base to dilute it, it was still very sour (but a good kind of sour!). Rating: 4.5/5

Flavor 3: Coffee Caramel. Our last flavor this week (and last one for all of camp, even though we didn’t know it then) was made using caramel sauce, instant coffee powder, and a cream base:

I usually don’t like coffee…but this flavor made me change my opinion on it. Rating: 5/5.

After all the campers have had ice cream, there’s usually some melted ice cream left in the bowl. We have a tradition where one of us would pour the remnants of the ice cream straight from the bowl into the other’s mouth. I don’t think I ever had this done to me, partly because my appetite is so done with ice cream by the time that we finish, and partly because of reasons that you will see >:) So, the unlucky victim, uh, I mean recipient of the melted coffee ice cream was Keti. 

In my defense, I was pouring straight and it was the liquid that veered off course at the last moment (you know, you can never trust the direction of gravity). 

Moments after disaster…
She’s so done with me… no, but actually, Keti was the most patient LN2 JC ever–after a whole month of flavors like carrot and pickles and hot sauce and mayonnaise, she still had so much excitement for ice cream.
Previous
 
Next

Ellie’s blog had a really heartfelt conclusion about her feelings of Mathcamp that I on the whole mostly share–but as per my own rules, I’m not allowed to write anything that’s not related to liquid nitrogen in this blog (…maybe in a future blog >:)) So I’ll say this: for me, Mathcamp is like Liquid Nitrogen. It’s pretty cool!

A roiling fog covers the ground… Rating: 3/5. Doesn’t really taste like anything.","https://mitadmissions.org/wp-content/uploads/2026/09/Screenshot-2026-09-16-at-5.34.25-PM-400x535.png;
https://mitadmissions.org/wp-content/uploads/2026/09/Screenshot-2026-09-16-at-5.53.12-PM-400x265.png;
https://mitadmissions.org/wp-content/uploads/2026/09/Screenshot-2026-09-16-at-5.54.23-PM-800x640.png;
https://mitadmissions.org/wp-content/uploads/2026/09/Screenshot-2026-09-16-at-5.55.18-PM-800x674.png;
https://mitadmissions.org/wp-content/uploads/2026/09/Screenshot-2026-09-18-at-8.13.14-PM-800x894.png;
https://mitadmissions.org/wp-content/uploads/2026/09/Screenshot-2026-09-16-at-5.56.38-PM-400x532.png;
https://mitadmissions.org/wp-content/uploads/2026/09/Screenshot-2026-09-16-at-5.57.34-PM-400x533.png;
https://mitadmissions.org/wp-content/uploads/2026/09/Screenshot-2026-09-16-at-5.58.30-PM-400x432.png;
https://mitadmissions.org/wp-content/uploads/2026/09/Screenshot-2026-09-16-at-6.00.21-PM-800x1071.png;
https://mitadmissions.org/wp-content/uploads/2026/09/Screenshot-2026-09-16-at-6.02.22-PM-800x958.png;
https://mitadmissions.org/wp-content/uploads/2026/09/Screenshot-2026-09-16-at-6.03.50-PM-400x457.png;
https://mitadmissions.org/wp-content/uploads/2026/09/Screenshot-2026-09-16-at-6.04.52-PM-400x373.png;
https://mitadmissions.org/wp-content/uploads/2026/09/Screenshot-2026-09-16-at-6.07.57-PM-800x1026.png;
https://mitadmissions.org/wp-content/uploads/2026/09/Screenshot-2026-09-16-at-6.09.21-PM-800x683.png;
https://mitadmissions.org/wp-content/uploads/2026/09/Screenshot-2026-09-16-at-6.12.13-PM-400x395.png;
https://mitadmissions.org/wp-content/uploads/2026/09/Screenshot-2026-09-16-at-6.13.59-PM-800x1106.png;
https://mitadmissions.org/wp-content/uploads/2026/09/Screenshot-2026-09-16-at-6.14.47-PM-800x1063.png;
https://mitadmissions.org/wp-content/uploads/2026/09/Screenshot-2026-09-16-at-6.15.40-PM-800x1053.png;
https://mitadmissions.org/wp-content/uploads/2026/09/Screenshot-2026-09-16-at-6.15.49-PM-800x624.png;
https://mitadmissions.org/wp-content/uploads/2026/09/Screenshot-2026-09-16-at-6.17.06-PM-400x438.png;
https://mitadmissions.org/wp-content/uploads/2026/09/Screenshot-2026-09-16-at-6.18.15-PM-400x234.png;
https://mitadmissions.org/wp-content/uploads/2026/09/Screenshot-2026-09-16-at-6.20.13-PM-400x409.png;
https://mitadmissions.org/wp-content/uploads/2026/09/Screenshot-2026-09-16-at-6.21.39-PM-800x840.png;
https://mitadmissions.org/wp-content/uploads/2026/09/Screenshot-2026-09-16-at-6.22.29-PM-800x968.png;
https://mitadmissions.org/wp-content/uploads/2026/09/Screenshot-2026-09-16-at-6.23.11-PM-800x823.png;
https://mitadmissions.org/wp-content/uploads/2026/09/Screenshot-2026-09-16-at-6.23.37-PM-800x598.png;
https://mitadmissions.org/wp-content/uploads/2026/09/Screenshot-2026-09-16-at-6.25.10-PM-400x458.png;
https://mitadmissions.org/wp-content/uploads/2026/09/Screenshot-2026-09-16-at-5.26.18-PM_magicstudio_81562fr6oak-1-400x607.png;
https://mitadmissions.org/wp-content/uploads/2026/09/Screenshot-2026-09-17-at-5.35.05-PM-800x849.png;
https://mitadmissions.org/wp-content/uploads/2026/09/Screenshot-2026-09-17-at-5.37.10-PM-800x1008.png;
https://mitadmissions.org/wp-content/uploads/2026/09/Screenshot-2026-09-17-at-5.39.50-PM-800x792.png;
https://mitadmissions.org/wp-content/uploads/2026/09/Screenshot-2026-09-17-at-5.40.05-PM-800x596.png;
https://mitadmissions.org/wp-content/uploads/2026/09/Screenshot-2026-09-17-at-5.42.04-PM-800x1062.png;
https://mitadmissions.org/wp-content/uploads/2026/09/Screenshot-2026-09-17-at-5.43.11-PM-800x1063.png;
https://mitadmissions.org/wp-content/uploads/2026/09/Screenshot-2026-09-17-at-5.43.47-PM-800x1068.png;
https://mitadmissions.org/wp-content/uploads/2026/09/Screenshot-2026-09-17-at-5.44.51-PM-800x1061.png;
https://mitadmissions.org/wp-content/uploads/2026/09/Screenshot-2026-09-17-at-5.45.37-PM-400x309.png;
https://mitadmissions.org/wp-content/uploads/2026/09/Screenshot-2026-09-17-at-5.46.46-PM-400x514.png;
https://mitadmissions.org/wp-content/uploads/2026/09/Screenshot-2026-09-17-at-5.47.58-PM-400x270.png;
https://mitadmissions.org/wp-content/uploads/2026/09/Screenshot-2026-09-17-at-5.50.33-PM-400x449.png;
https://mitadmissions.org/wp-content/uploads/2026/09/Screenshot-2026-09-17-at-5.51.50-PM-400x517.png;
https://mitadmissions.org/wp-content/uploads/2026/09/Screenshot-2026-09-17-at-5.53.05-PM-400x475.png;
https://mitadmissions.org/wp-content/uploads/2026/09/Screenshot-2026-09-17-at-5.53.46-PM-400x469.png;
https://mitadmissions.org/wp-content/uploads/2026/09/Screenshot-2026-09-17-at-5.54.25-PM-400x448.png;
https://mitadmissions.org/wp-content/uploads/2026/09/Screenshot-2026-09-17-at-5.58.12-PM-800x1069.png;
https://mitadmissions.org/wp-content/uploads/2026/09/Screenshot-2026-09-17-at-5.59.11-PM.png;
https://mitadmissions.org/wp-content/uploads/2026/09/Screenshot-2026-09-17-at-6.00.12-PM-400x645.png"
don’t build the torment nexus--and other such cliche advice for frosh,Anika H. ,0,"September 18, 2026","After 4 years of undergrad at MIT, I’m back for an MEng (our engineering masters program) and I feel ancient. I first stepped foot on campus in 2022, and now there are class of 30’s. By the time they graduate I’ll be practically prehistoric. Being old doesn’t automatically make you wise, but I’d like to think I have a little bit of wisdom to share. Note that this is mostly train of thought, so these tips are in no particular order. Also I haven’t had time to draw much, so you guys get frogs doodles instead.

american bullfrogs are the largest species of frog in north america and will eat anything that fits in their mouths.

 

dumb questions

While I think you should ask questions all four years of college, you should especially ask a lot freshman year. You guys are young adults, mature enough to live independently on your own for the first time. But at the same time, the rest of us who’ve already experienced MIT for at least a year think you guys are little babies. Like not in the derogatory way; we think you will be experiencing a lot of firsts and will benefit from support to get used to college.

Which means if you have any amount of social anxiety, you should ask as many dumb questions as you can while it’s still socially acceptable. I swear it will be so much less embarrassing asking something when no one expects you to know anything, than when you’re a senior googling basic concepts before an interview. As important as it is to know how to self learn, it’s a lot more efficient asking someone directly.

Foundational knowledge is so very important. It doesn’t matter if you learned it in highschool and forgot, and it doesn’t matter if all your friends know it already. Ask everything you need to properly learn. It’s infinitely worse to be sitting in an advanced class confused about a new concept because it builds on something you never properly learned (I’m speaking from experience, don’t be like me).

Lastly, your lecturers and professors are generally chill. In grade school, teachers would shame you for asking them to repeat something because you weren’t paying attention. But since most professors here are normal reasonable people, they’ll answer anything for you and the handful of other students in the room that probably have the same question. It won’t bother them to repeat one slide out of the 50 they run through that day. However, if you’re still too nervous to ask the professor, ask your neighbor. If they know it, your question is answered. If they don’t, chances are you’re asking a good question that other people also need answered so you can raise your hand confidently.

red eyed tree frogs will open their eyes suddenly to scare away predators.

sucking

As many of you new frosh get thrown into the deep end for the very first time, many of you will fail tests, drop classes, and flounder for dear life. And even more of you, regardless of whether you struggle, will get imposter syndrome. I have it, my friends have it, and the route setters at the MIT Walker climbing gym certainly have it because the difficulty of the routes are several times harder than what it’s rated as. (The ratings are bullshit and the V1s are at least V3s.)

You will suck. And you will feel like you suck. And it might take several years to stop feeling like you suck.

People come to MIT from different backgrounds with vastly different skillsets. I sat in lecture on the first day of Intro to Circuits barely knowing what an op-amp was, and elsewhere in the room, someone had already built a working computer from scratch in high school. You’re all here in the same place not because you know the same things or because you’re all equally genius, but because you have shown the potential to make the best use of MIT’s resources.

“Dude, sucking at something is the first step towards being sorta good at something” – Jake the Dog from Adventure Time

Don’t hinge your self worth to how good you are at a skill. It took me a long time to start to unlearn that from my upbringing. It’s difficult to get rid of that thought completely, so I instead I tried to attach myself to the depth of my passion for engineering and learning. How can you truly say you love a subject until you fail over and over again and keep coming back for more?

Also, don’t compare yourself to people around you if you can help it. It gets 10 times worse at a place like MIT where everyone is cracked. I don’t have any good solutions for this one yet cause I’m still working on it :p

Very recently, even after three full years of knowing how to use test equipment, I forgot to put on an attenuator and broke a 400 dollar NanoVNA. Radio Society added me to the list of value in broken equipment we have cost. The funniest thing is that the people at the top of that leaderboard are some of the best electrical engineers I know. They’ve spent enough time learning to accidentally fry projects and blow things up.

And based off of Radio Society at least, the more mistakes you make, the more you learn from them, the more competent you become.

because desert rain frogs are so rotund, they can’t hop and can only waddle. their screams sound like dog squeaky toys.

social skills

Make friends! make pset buddies! Don’t make enemies even if you’re going for a rival’s to lovers thing which I promise works a lot better in fiction than in real life. You are a wee frosh with light in your eyes, and you can literally ask to sit down at any table in a dining hall, and chances are people will be happy to talk to you for the duration of your half-hour meal. It’s also fine if you just don’t click with someone. Aim to be good acquaintances, and try your chances elsewhere. On a campus with 4000 students you’re bound to find a friend.

While it’s much easier to make friends with your fellow frosh, try to make friends with upperclassmen as well. They know when all the best parties and where all the free food events are. They know which classes are fun, and which ones will drown you in labs. Upperclassmen tend to be a little more tired and cynical than your average froshling, but they have valuable experiences, and are usually more than willing to talk to you in exchange for a few of your extra dining swipes.

One thing I’m sure you’ve all been told if to build a good relationship with your TAs and professors. Many of you will try to do that by going up to the professor after class, introducing yourself, and asking a question about the class content. While this certainly won’t hurt, there are 20 other students trying to do the same exact thing, and 15 minutes later, your poor professor kinda just wants to go home. What you should do instead is to make a consistent effort to show up and engage with the class. Throughout the semester, attendance will slowly dwindle to 1/4 to 1/2 of the lecture hall (unless it’s a HASS class with mandatory attendance). If you continue asking questions in office hours and on piazza and showing up to lecture, you’ll be making a much better impression.

surinam toads embed fertilized eggs into their backs and hatch our fully formed froglets from their backs.

some other tidbits

Don’t use LLMs to write your essays and psets. It can be a useful tool to check answers and review course material, but using it to avoid work and speed through a class defeats the point of taking the class. Your psets have a lot more value in your brain than it does in ChatGPT’s database. Don’t let Sam Altman steal your tuition.

Try not to take classes that use LLMs to generate course material. I’m unfortunately starting to hear about classes with AI generated textbooks, syllabuses, and nonsensical problems, and I’m also starting to hear that those classes are going terribly. If it is a major requirement, try your best to petition out of it.

If you have the energy, join clubs, get involved with campus events and politics, try activism, or if you’re a grad student, join the union. College is one of the best places to start learning how to practice autonomy and expressing yourself. As a student, your voice matters more than you think.

Don’t get blackout drunk at your first party, but if you’re there and you see someone passed out or vomiting a lot, you should call for help. First of all, this is common sense, but also MIT’s Good Samaritan policy will protect you from getting in trouble even if you are not supposed to be there.

Ever heard of the November Rule? Frosh should ideally not be dating anyone until November 1st. Build yourself a friend group and support system of other people. And please please do not date your upperclassmen this early. Their friend group will inevitably become your friend group, and when you break up, they will take their friends and you will have only the few acquaintances you met in Calc class because you didn’t have the opportunity to make your own circle.

If, against your best judgement, you break the November Rule and end up sad or generally do not have anyone’s shoulder to cry on for any reason, or have a social conflict or anything you need to talk about, talk to your GRA. It is in fact their job to help you and direct you to other resources.

Use s^3, also known as Student Support Services. They will help you with most student life related things, but the majority of people go to them for support on assignment extensions. If you get sick or injured or need to move an exam date because of a conference, you should go visit s^3. They also give extensions for mental health reasons but usually won’t budge unless it’s very very severe. However, a common cold usually doesn’t take that much bargaining. These last two sentences are completely unrelated and I do not condone lying to s^3.

In general, exercise common sense. you can be a little bit stupid but don’t be too stupid.

and most importantly…

budgetts frogs have huge mouths that take up a third of their bodies.

be a good person.

before you are student at MIT, you are a person living among other people in this world, and you will live among people for the rest of your life. Be kind to others, be kind to yourself, and assume ignorance before malice. It’s fine to dislike people and argue, but don’t harrass or antagonize people, don’t steal other people’s stuff or food out the communal fridge, dont gloat about how easy a class is in front of someone who’s obviously struggling, slow down your e-scooter when there’s a lot of foot traffic around, etc etc.

And for the love of all that is good, PLEASE don’t make the torment nexus or the newest missile guidance system or a health insurance claim denial algorithm with higher profit margins. Yes, the job market is really bad right now, but I promise you can get an equally high paying job doing something less terrible with an MIT education.

the torment nexus, for those who don’t get the reference

You have an opportunity to study at the best technical school in the world, and I sincerely hope that you can use your newfound knowledge and community to make our shitty world a better place.

newly discovered in 2021, the zombie frog got its name because the researchers looked like zombies digging them out of the ground. they look like overweight muppets.

 

Stay safe and good luck with your first semester!","https://mitadmissions.org/wp-content/uploads/2026/09/advice-1-400x405.png;
https://mitadmissions.org/wp-content/uploads/2026/09/advice-2-400x363.png;
https://mitadmissions.org/wp-content/uploads/2026/09/advice-4-400x301.png;
https://mitadmissions.org/wp-content/uploads/2026/09/advice-3-400x354.png;
https://mitadmissions.org/wp-content/uploads/2026/09/advice-5-400x384.png;
https://mitadmissions.org/wp-content/uploads/2026/09/advice-8.jpg;
https://mitadmissions.org/wp-content/uploads/2026/09/advice-6-400x282.png"
"my “first” “week” of “classes” at mit--or, discovering course 1 through a first-year pre-orientation program",Suzuko O. ,0,"September 17, 2026","despite getting to campus over two weeks ago, my classes only started today. ??? what was i doing for all this time ???⁠01

there’s a bunch of things – resident exploration (REX), floor rush, frat rush – that all seem to mix into each other, but at least for the first four days i have a nice clean answer:

i was doing my fpop!

what’s an fpop?

glad you asked! fpop (pronounced eff-pop)⁠02 stands for “freshman pre-orientation program”.

…but what does that mean? is a question a lot of people have asked (namely, my parents). 

i think my brain is rotted

i am going to take a somewhat circuitous route to try to explain. here’s my vague understanding of how all of this pre-school school stuff came to be

the base case is that kids come to school and immediately start class
mit (and other colleges) realized that this is a Lot to expect of freshmen, who are probably not used to being on campus or to being away from home or to like. cooking and doing laundry
yay! orientation! to orientate⁠03 the kids!
hey, wait… what if we wanted to PRE-orient the kids? that way they can get around orientation better!
this seems like a great time to insert an Educational Opportunity⁠04

to get to the point, an fpop generally is themed around one of the courses (fancy mit word for majors) at mit. some of the ones my friends did include deaps (discover earth and planetary sciences, which took a daytrip to new hampshire), dns (discover nuclear science, which made my friend consider switching her major from physics), and discover physics (who got forced to go to an art museum because of rain). 

the one i did was called dc1, which stands for discover course 1. unfortunately the average mit prefrosh⁠05 has no clue what course 1 is, so i always had to postface by saying “…which is civil and environmental engineering” (cee). usually after i said that people’s stares of abject confusion would clear into stares of slightly hopeful confusion.

why i chose dc1

one mandatory question that you will inevitably be asked approximately five hundred billion times is “what course are you thinking of studying?” indeed, i was asked this by possibly every prefrosh and upperclassman involved in my fpop. it was always kind of awkward because my response to “are you thinking of studying course 1?” was always “uhh probably not i’m thinking 20 (bioengineering) or maybe 7 (biology)”, and then people would be like “…so why are you here” 

my answer to this is a mix of the following factors, in descending order:

what i want to do with biology is find applications in environment/climate/sustainability, so i thought civil and environmental engineering would be a cool other perspective on this
this fpop was free⁠06
it’s small (only 15 kids, compared to discover physics which was like 30) which i thought was better and less overwhelming
they promised trips around cambridge

during the (very chill) application process, i had to write a few essays justifying why i was interested in dc1,⁠07 and why they should choose me and whatnot. luckily i ended up with my first choice! yippee!

day one: move-in + barbecue

one perk of doing an fpop is that you get to move in a few days early. my move-in date was august 25th, compared to all non-fpoppers, who moved in on august 29th. this is not a super big difference but i think it makes it calmer which was somewhat nice. 

i spent most of the 25th moving in. my mom came to boston (yay!) so she helped me move all my bags from the hotel we were staying in to my room. east campus has a weird system where the room we initially stay in (in mit lingo, where we’re “temped”) is highly unlikely to be our permanent room, so i was told to try to unpack as little as possible – which, of course, sounds great! i was also really sleepy because i had stayed up till 3am the night before…solving sudoku… so basically i did some basic unpacking and then immediately took a two hour nap. 

at some point during my nap, my friend eddy ’30 knocked on my door to deliver…

A LARGE SHARK

BIG SHARK (pillow for scale)

this guy has lived on my bed for the past two weeks. he takes up a third of the available space on my bed. he makes it vaguely inconvenient to sleep on my bed. BUT I LOVE HIM (name is undecided but some names floating around include stockfish and crouton). eternal thanks to eddy for dragging this adorable guy across the country to his new home C:

after i woke up from my nap i basically ran around the campus meeting up with friends. or i guess before that i went to the stud⁠08 to eat some leftover pizza with my mom, where i also ran into SO MANY PEOPLE, and then i ran around campus to see friends. first i went to burton-conner (usually just called bc) to meet my friend scarlet ‘30 and kind of awkwardly watch as she unpacked her suitcase. a bit later, she and i went to new house to try to jumpscare our friend freddy ‘30!! freddy is not french but is now french due to living in french house, one of the 9 halls in new house. 

all in all good times. 

the first required meeting of the day was a fpop barbecue at 5, where we would all get into our fpop groups for the first time and meet our mentors and whatnot.⁠09 i honestly don’t remember very much about this except that we had to wait a long time for food and that i tried to remember people’s names, but it was pretty hard… even with only ~15 other names to learn…

i almost definitely hung out with friends after the barbecue but i have no clue who, or what we did, so uhh idk 💀 let’s timeskip to the next day!

day two: egg drop and starting the project

we started off day two with an 8:30 pancake breakfast (yay!) in building 1, which is at the very edge of the “main group” of buildings. i’m not sure if i showed up to this breakfast on time – my assumption is that i probably didn’t because i was still “jet lagged” (my favorite excuse for not going to sleep at a reasonable time). but eventually i did go to breakfast and i did eat pancakes and i started to get to know my fellow fpoppers! i think on this day they had ran out of normal-height chairs at one of the tables so i sat on a tall chair instead, like a giraffe in a pack of horses. 

from 9:15 we had an introduction to the fpop program and to our academic staff. we went through the room and introduced ourselves (again, i’m glad that we were in a small fpop – i imagine that in a larger one introductions either took forever or just did not happen in the same depth). we also got divided into our group project (more on this later) groups based on the tried and true method of assign everyone a number. 

from 10:30 to 12, in our newly assigned groups, we had a scavenger hunt of campus! we used some weird app that made us take pictures of ourselves at 8 different locations, including the banana lounge, the course 1 academic office, the parsons building (where all the course 1 laboratories are located), the tunnels under some of the eastern buildings,⁠10 the walker memorial, and some other sites. while we walked around, i got to know my teammates from maryland, washington state, and indonesia, who were interested in studying courses as varied as 18 (math) and 10 (chemical engineering). approximately an hour after we started, we returned to our homebase and found that we had finished third. (later on when i wasn’t really paying attention, someone told our team that we won something, but i couldn’t make out what that something specifically was. but by process of elimination i think it might’ve been this scavenger hunt?)

from 12 we had a big lunch with civil and environmental engineering professor tal cohen and her lab. this was pretty cool because her lab does like all sorts of stuff – you would expect that perhaps a cee lab would do mainly mechanical/structural type things, and this lab did have some projects in this realm (for example, i think there was someone working on car crash impacts) but there were also people in the lab doing wet-lab experiments on mice hearts (or possibly brains… my memory really isn’t good huh), which piqued my interest because I LIKE biology!! among the six different projects or so that we were introduced to, the professor explained that the unifying theme is the idea of mechanics; more broadly, i understood that the civil and environmental engineering department is more expansive than i had previously thought.⁠11

also, this lunch had winston in attendance. winston is the course 1 emotional support dog. he is a silly little pug and he is adorable. there was time in the lunch to ask questions to all the phd students, but i spent all of my time talking to winston. he is soooooo cute i think he can be found in the c1 academic office on wednesdays? i should try to find him again

look at him he is so cute

after lunch, we went downstairs to the building 1 basement, into a room with a bunch of hydraulic presses. if you’ve ever seen youtube videos where people crush random stuff with a big metal machine, it’s like that – but the ones in this basement are like REALLY BIG, to where the units of force that our instructor steve rudolph used to describe them was in terms of elephants (or maybe thousands of elephants??? actually that sounds ridiculous). we looked at how engineered defects in metal cylinders can cause consistent patterns of deformation, and later we cracked an egg to see how the peak force resisted changed based on the end that it was cracked at.⁠12

this thing lives in my backpack now i should probably take it out

now, building off this eggcellent information, we moved on to our first hands-on module of the week! in elementary school science demonstration-style, our task was to make a thing that could protect an egg from cracking after being dropped from the second floor of lobby 7. our materials were limited to toothpicks, 6 popsicle sticks, and a roll of twine (also hot glue for adhesive purposes). not only were we competing (friendly-ly) against one another, we were also fighting a team with ALL grad students and also a few teams with like elementary school kids. so you know, a variety of strong opposition

after taking a brief nap, we started construction. to be honest no one in our group was very confident about anything, so we spent the first half of our allotted 40 minutes just kind of doing stuff. my idea was to cover our egg in twine, then attach toothpicks radially outward to act as shock absorbers, so i started twining our egg – but halfway through we decided to build some sort of toothpick parallelopiped thing, which we then wrapped in a bunch of twine. (during the brief “explain your design” part we kind of just said “yeah we don’t know we just did whatever”)

then it was time to drop the egg! our egg broke :( but the grad students’ egg did not!⁠13 i think everyone else’s may have? i’m not sure – i kind of got distracted by some friends in the discover physics fpop, who were also doing some sort of egg drop in the same location.

now, around 4pm, it was finally time to start our group project… which i was somewhat apprehensive about. like many people, i am not the hugest fan of group projects… but open mind! our group chose a problem on mit’s campus to tackle from the categories of energy, waste, transportation, or building design. after some discussion, we decided to focus on energy, with a team member proposing the idea of installing piezoelectric tiles on the tennis courts in order to generate the electricity needed to keep the lights on.⁠14

we had some free time, so two of my group members and i decided to try to work out in the Z (short for the zesiger center, mit’s main recreation/sports center). unfortunately they said we needed physical id and wouldn’t let us in… boo! so instead we walked allllll the way to next house,⁠15 where jesslyn showed us her room. then we walked back to killian court,⁠16 where the rest of our fpop was playing mafia. i enjoyed pizza and the ambience of being outside

that was it for our scheduled second-day fpop activities :) 

day three: wind + more group project

i showed up like 10 minutes before breakfast ended (again… not the earliest of sleep times…) and then it was time for activities!

we first had 30 minutes of work time on our projects. here, we decided to do a hard pivot into a much less serious direction. as we joked around about various ridiculous ideas, we came to the idea of harnessing the power of living things to solve the energy crisis. more specifically, we saw a vision of a world where mit’s rodent problem (generally a scourge) became one of our strengths⁠17

this idea, because of its absolute whimsy and silliness, immediately made me much more enthusiastic about our project. unfortunately we were no able to work on it right then and there because we had more activities. BOOOO just kidding

our first speaker this day was jared berezin, the manager of cee’s version of the communication lab. i really care about science communication (especially through writing, which is one of the reasons i wanted to be a blogger in the first place!) so i think this is pretty awesome – it turns out that every engineering department has its own subdivision, which have grad students who are trained in conveying science better, who we as undergraduates can reach out to and get help from (whether it be making slides or writing papers or whatever). his presentation was quite well done and it made me want to get involved in the comm labs – i am not sure if they have many opportunities for undergraduates to contribute, but this is something to look into in the future. 

ironically, the presentation that followed was not uhhh particularly communicated quite well… but it was still cool! two grad students from the zardini group came in to present their work on game theory in transportation systems, and afterwards we played an interactive game where our various groups played the parts of different entities in the transportation sector (for example, rent-a-bike companies, public transit authorities, or autonomous vehicle companies.)⁠18 to be honest i do not know what i took away from this activity, but you know that’s okay.

after a quick chipotle lunch where we had wayyy too many chips,⁠19 it was time for another module. first, two grad students from the howland lab presented about their work, which generally centers on the computational modeling of wind flow. one thing that they talked about was a diagram of something navier-stokes-related, which is a bit of fun foreshadowing given what has since transpired.⁠20 then we made our own miniturbines out of foam and paper! this was actually quite fun. i am a big fan of scissors and glue and little hand crafts so i thought this was great.

spinni

we continued to work on our slides, researching and editing, and in our group’s case, going to metropolis.⁠21 here, a kind mentor helped us slightly edit a treadmill model and print it using one of the many 3d printers that compose a makeshift wall in the space. 

TREADMILL!

the day ended as we had an fpop dinner while watching wall-e. this was my first time actually watching wall-e⁠22 and it was quite striking for me. as a lot of my friends can attest, i think the first 10 minutes of wall-e is among the best examples of like environmental storytelling and body language that i have seen – i felt so much empathy towards this little robot guy living in a world of vastly different scale. i think it was super well done. i think the rest of the movie is like good but not nearly as good as the first ten minutes are, but it was fun!

to round off the day, i crossed the harvard bridge⁠23 with a few fpop friends to go to chicha san chen, a very fancy boba shop (like very very fancy) on the recommendation of one of our fpop mentors. i ended up not buying a drink that day because i was super full,⁠24 but it was nice to walk across the bridge as the sun went down. i really like the charles river :)  

so pretty

day four: final presentations and ice cream!

on day four, i once again woke up just early enough to catch the end of breakfast. from 9:30 to 11:45, we finished and fine-tuned our presentation slides, talking over some of the transitions and doing a practice run in front of our mentor suhaila ‘28. finally at 12, it was time for our presentations!

in the audience was everyone in the fpop, alongside some of the grad students that had spoken to us earlier in the week and some New Fun grad students! yay. while eating my sandwich, my group watched as the other three groups presented their work. a brief recap:

one group presented about an idea for a small electrical waste disposal facility to be located on mit’s campus, to reduce the need for offloading to outside facilities and to aid in the recovery of valuable metals. they made a 3d model out of cardboard for what the facility could look like
another group presented an idea for making bus stops more friendly, both to people and the environment. they proposed curvy solar panels for the ceiling (to make rain fall off easier) and uhh something whose name i forgot, but basically amounts to water-absorbent green spaces on the curb. they had a live demonstration that i thought was awesome – they had a 3d model of a bus stop with sponges underneath, and demonstrated the ability of the sponges to absorb by dripping water over it
the last group presented about green roofs! they proposed adding these to different mit dorms, exploring feasibility and cost. i thought it was very well done.

finally, it was our turn. in lieu of explaining our presentation, i think i will just insert the slideshow. have fun scrolling through (and guessing at what we said)!

it was not particularly stressful and i think the audience laughed more than i feared they would. especially since the other three presentations were quite serious, i think ours was a nice change of pace – it inspired a lot of funny questions that were, you know, natural extensions of the work we did. 

we had some free time until like 5, when we had a (free!) dinner from naco taco, a mexican restaurant nearby (maybe a 10 minute walk from lobby 7?) i spent 18 dollars of someone else’s money on a shrimp burrito, which i thought was passable but not particularly. value-worthy.⁠25 here, we smuggled around a card that all of us signed for our mentors thanking them for all their work. afterwards we went to toscanini’s⁠26 where i got mango sticky rice ice cream! highly recommend. 

that marked the end of my fpop experience :) it was a fun time!

what next? 

the next week and a half or so was a whirlwind: first we had resident exploration (like a repeat of cpw, where all the dorms run fun events and gives free food), then orientation, then floor rush (where i finally got to choose a floor on east campus to call home!), then frat rush (which i didn’t think i would do, but got reasonably invested in). now classes have started so i’m hoping that things seem to settle down a bit more. 

but to answer (or, i guess, ask) this question more thematically: how will my experience with the dc1 fpop weave into the rest of my time at mit? 

well, as i walk the halls of mit to get to 5.112 (my chem class) or 18.03 (differential equations), i see people from my fpop and wave to them. a lot of dc1 fpoppers are in terrascope, my first-year learning community centered on environment and sustainability, which has at its core a group project where we work to find solutions for an environmental problem.⁠27

i think terrascope is the spiritual successor to the dc1 fpop in my mind: both focus on group projects on environmental problems. i also think that i am not particularly good at group projects, or working on big, nebulous problems, or self-directing and organizing; i think this will make terrascope kind of frustrating for me, but also really good for my character growth. you’ll probably hear more from me about terrascope soon?

but i guess to end on topic: tl;dr my fpop was fun! i’m glad i did it C: ","https://mitadmissions.org/wp-content/uploads/2026/09/Screenshot-2026-09-14-at-1.25.12-AM-400x247.png;
https://mitadmissions.org/wp-content/uploads/2026/09/Screenshot-2026-09-14-at-11.24.59-PM-400x290.png;
https://mitadmissions.org/wp-content/uploads/2026/09/Screenshot-2026-09-14-at-10.36.09-AM-400x294.png;
https://mitadmissions.org/wp-content/uploads/2026/09/Screenshot-2026-09-14-at-10.37.42-AM-400x297.png;
https://mitadmissions.org/wp-content/uploads/2026/09/Screenshot-2026-09-14-at-11.23.17-AM-400x457.png;
https://mitadmissions.org/wp-content/uploads/2026/09/Screenshot-2026-09-14-at-11.24.46-PM-400x278.png;
https://mitadmissions.org/wp-content/uploads/2026/09/Screenshot-2026-09-14-at-10.44.58-AM-400x298.png"
Classes I’m Taking My Freshman Fall!(And Other Things Too)--can you believe they're letting me do one of these?,Leya E. ,0,"September 16, 2026","It’s 2020. I am sitting in my room reading blogs from MIT students about classes they’ve taken.

It is 2023. I am sitting in my room reading blogs from MIT students about classes they’ve taken.

It is December 2025. I am sitting in my room, crying after getting my admissions decision, and reading blogs from MIT students about classes they’ve taken.

It is September 2026. I am sitting in my dorm room, writing a blog about the classes I’m taking.

It really doesn’t feel real. Even as I’m sitting here, writing this, I still can’t quite believe I’m actually here.

I still slightly think this whole blogger thing is a lie and that nobody will actually read this except me.

But in case someone is actually reading this, I felt that it was only right to start my blogger career with my favorite type of post: one about my classes!

I’m taking 5 classes this semester, which is kind of a heavy workload, especially when one of those classes is estimated to take 15 hours a week. But we’ll get to that.

I’m taking:

ES.1802 – Multivariable Calculus

ES.5111 – Principles of Chemical Science

8.012 – Classical Mechanics

6.1903 – Introduction to C and Assembly

21L.032 – Afrofuturism, Magical Realism, and Other Otherwise Worlds

ES.1802

Let’s start with my ESG classes. ESG stands for Experimental Study Group, and it’s one of a couple of first year learning communities that first-years can apply to. One of the main appeals of ESG is having classes in small group formats that are more hands-on than large lecture-style mainstream classes.⁠01 Another thing about ESG classes compared to mainstream is that, at least for the ones I’m taking, they meet every day and are all attendance required. ES.1802 is multivariable calculus, like mainstream 18.02, except my class has 12 people instead of like 500. I really like the way that things are explained in this class, like the very cool derivations of the dot product and cross product we did. However, I hadn’t seen multivariable calculus material before arriving at MIT, so it’s going to be a lot more new to me than to some of my classmates. We’re starting pretty slow though, so I think I’ll be able to catch up.

ES.5111

This is normal chemistry, just like mainstream 5.111. I actually wanted to take 3.091⁠02 instead but it didn’t fit in my schedule :(. It’s fine though, this class is still very cool! I kind of forgot just how interesting chemistry is, at least when you’re not agonizing over sig figs which our first PSET is focused on. The first week, we went through some history of how our understanding of the atom has evolved, which leads us to how quantum mechanics was created! This is very exciting to me as a physics nerd. Speaking of…

8.012

At MIT, everyone has to take some version of Physics I⁠03 unless you test out of it with AP scores. I did not. Another way to get out of it is to pass the 8.01 ASE. I did not. But because I have a lot of belief in myself, I decided to take the harder version of 8.01! 8.012 is designed for people who have above-average math skills and above-average baseline physics knowledge. I’d like to think I have these things, and I also discussed it with my advisor⁠04 , and we agreed that I could try 8.012 and potentially drop to ES.801 if it got too hard. This class is also a lot more work than 8.01. This is the class that is projected to take 15 hours a week. I don’t think that it will take that long for me, but crowdsourcing opinions is always a good idea to sanity check your schedule. I reviewed both the textbook and the syllabus⁠05 and so far I believe that I can do it. The class moves at a faster pace than 8.01, which is what I mainly wanted since I thought that 8.01 would be too much review for me. It also covers a couple more topics, which is also something I wanted. Right now I think I’ve made the right choice, but I’ll let you know in a few weeks if I end up changing my mind. The first class was interrupted by a humanoid robot, so that was pretty cool I guess.⁠06

He waved at us.

6.1903

This class is, like it says from the title, an introduction to low-level programming in C and Assembly. I’m pretty sure this is the first time it’s been taught over a full semester instead of 6 weeks, so I feel like the workload might seem less intense than previous years, but you never know. This class has “optional” recitations which is pretty cool, but I do also have a mandatory lab from 7:30pm to 9:30pm. So. At the very least it’s not every week. We also get a cool little lab kit with a cheap little microcontroller! I love microcontrollers. They’re like computers but…micro…

21L.032

I am SO EXCITED for this class! Like guys you don’t understand the first thing I did when I was admitted was make a list of classes I wanted to take and this one was literally FIRST ON MY LIST! I was so happy when I got the email saying I got in.⁠07 We are watching 8 films this semester including Sinners, Nope, Black Panther, and Encanto, and reading a lot of books and short stories, starting with Toni Morrison’s Beloved. This might be my favorite class ever just from the syllabus. I also really appreciated the discussion we had on the first day, because it feels like it’s been a long time since I’ve been in a humanities class where everyone was actually invested in having thoughtful discussions about the material. It’s nice to find a space like that at MIT, especially considering the amount of technical classes I’m taking.

 

So yeah! That’s my freshman fall in a nutshell. I am also of course, sidequesting as best as possible, since it’s PNR⁠08 so like nothing matters if you think about it…⁠09 So here’s a list of other things I have done so far:

Larping but like actually

I went to the Assassin’s Guild’s⁠10 patrol game last saturday to fulfill my childhood dreams of shooting people with nerf guns. I cannot say that I was very good at it. I also got roped into applying to their next actual role-playing game, which is about potatoes I think. I’m so excited.

Being too close to fire

After the patrol game I walked with the other patrol players to the MIT Spinning Arts club’s firespinning show! It was the first time I’d ever seen firespinning and we were also in the front row so that was slightly unnerving. However, watching firespinning is awesome and probably the closest thing to witnessing real life magic.

Learning what Ultrakill is

I went to a DAAMIT⁠11 meeting and through various conversations tangentially related to digital art learned what Ultrakill was.⁠12 Fun! We also played Gartic Phone⁠13 and learned that all roads lead to Hatsune Miku. Miku dayo!

Singing!

I “auditioned” for Next Sing⁠14 and filled out a form CORRECTLY⁠15 to list what acts I want to be in. One of the options is the Cafeteria Song from My Little Pony Equestria Girls. I NEED to be in the Cafeteria Song from My LIttle Pony Equestria Girls.

Learning About Various Non-Academic Topics

I went to the firestorm event hosted by the Educational Studies Program⁠16 , where people got to host five minute talks about whatever they wanted! I did arrive late and so did not get free food, but did get a very comfortable free shirt. And of course, learned about things such as the dvorak keyboard layout and the fact that Italy can make bad pizza too.

what are they doing in Italy

 

There are other things I’m planning on doing too, like joining Next Haunt just to get the guaranteed run-through of the escape room,⁠17 being part of Next Act⁠18 , joining combat robotics, auditioning for a role in the Shakespeare Ensemble’s production of King Lear, and pretty much anything else on dormspam⁠19 that seems slightly interesting.

I think the point of freshman year is to explore everything, and if you don’t feel awestruck with the amount of possibilities you have at least once, you’re probably not doing it right. I know I can’t do everything, and that the fun I’m having right now probably won’t last,⁠20 but I want to take advantage of the freedom I’ve been given as a newly minted college student and deprived myself of as a high schooler.

Coming to MIT, I feel like I’m finally surrounded by a community of people where I don’t need to hide parts of myself to be accepted.

I am cringe but I am free.

Here’s to the next four years!","https://mitadmissions.org/wp-content/uploads/2026/09/371FB1D6-5A1E-4BCA-BE9D-086133C538AE_1_105_c-400x533.jpeg;
https://mitadmissions.org/wp-content/uploads/2026/09/1241D91E-0464-4AD8-96BF-A2572EE0B5FE_1_105_c-400x300.jpeg"
morning shrine--early days in senior fall,Veronica P. ,0,"September 15, 2026","this morning i was awake at 6am. on the other end of one of those things i do where i allow myself to fall asleep, once my brain has settled to mush and past it’s point of productivity, and i tell myself that when i wake up early the next morning, i will be clean, shiny, and focused, and do all the work i want to do. in this grey-blue light i am not quite clean, shiny, or focused, but i am renewed and on my way to being those things. the sweat of a sleep well slept is sticking onto my skin, and the weight of my blanket is insisting that i don’t have to be at my meeting until 11:30. why not stay a while?

when i wake up i face the side of my dresser. i’ve taped a sign my friend made when i picked her up from the airport my sophomore year: “HAPPY BDAY VERO <3.” last spring i added, atop the dresser, a box from my roommate that reads, “RONNIE’S 21st!” the idea of these being the first words i read each morning reminds me of a taylor swift lyric. i don’t love it, but i have enough nostalgic sentimentality towards t.s. to know it: “I’m so depressed, I act like it’s my birthdayyyyy every day!” it doesn’t quite apply, at least currently. maybe it can be called a preventative measure.

last spring i also added, to this morning shrine, an award i got from doing well in one of my classes. it is the single most tangible piece of academic validation that i have gotten at this institution, so i cherish it with A+ fridge-magnet levels of pride. for some reason, when i look at it this morning, i think of a conversation i had at 3am this past summer, on a rooftop on beacon st.

in the midst of catch-up, i mentioned that i had just decided to try for grad school, post-MIT. a good friend, the second friend i ever made at this school, overhears and interjects with an exaggerated sigh of relief: “finally.” when prompted, he explained that it was obvious that this was the path for me. any of my “confusion” over these past few years was just fear manifesting: intimidation about straying from my industry-oriented friends, dread at the thought of going for what i truly want and not getting it. it was the “finally” of a reader who had figured out whodunnit by Chapter 2,  finally getting to see the detective piece together that the killer was right there all along. 

i don’t know how much of that friend’s conviction is true. the thought is nice to contemplate, to believe every once in a while. certainly when i am budgeting times to chip away at applications and planning professors to ask for letters of recommendation, it is reassuring to buy into the idea of a true calling. a purpose that exists for each person to uncover from their depths, right there all along. the veil lifting is my litmus test, the indication that i have matured enough to look my calling in the eye and pursue it.

it is nice to believe it is true. words like these instill a confidence, perhaps undue, that i need to make it through the worst parts of this Fall. to push through the weight of my blanket and convince other people, not just myself, that grad school could be a tangible next step for me. not like when i asked my academic advisor, a week ago, if i might not be ready, compelling her to adamantly affirm, “yes, you are.” i take these words as part of my morning shrine, as well, and work on being that affirmation myself.

 ",
i’m a sneaky little scavenger--acquiring furniture in the bay area,Allison E. ,0,"September 14, 2026","have you ever wanted to furnish an apartment for as little money as possible? are you a sneaky little scavenger?

hee hee hee ha ha ha

here are some ideas, courtesy of me and my amazing summer roommate grace :D

1.  find furniture on the side of the street

in the words of one of my friends, “welcome to the wonderful wastage of the bay area”! i lived in downtown-ish San Jose this summer and there was SO MUCH FURNITURE ABANDONED ON THE SIDE OF THE ROAD (smth smth college students ig) (seriously i think i found at least 35 pieces of furniture on this one street over 2.5 months, including like 6 couches)

classic ikea malm dresser... almost almost decided to bring this one home
unfortunately my roommate only had a twin futon mattress so we couldn't use this
couches are suspiscious
Previous
 
Next

generally i would not recommend taking mattresses and couches due to potential small evil critter issues. however, metal, plastic, and even wood are less nefarious. i ended up acquiring an entire bed frame and a room divider thingy (i was sleeping in the living room so this was helpful)

genuinely never realized how much a bedframe improves quality of life, and idek why
privacy yay :D
Previous
 
Next

2.  steal cardboard boxes from costco

so uh i did not realize this but there’s a bunch of random table-things that are useful in an apartment. dining room table, desk, nightstand, dresser, etc. etc. that is many items! i did not want to pay for and later get rid of that many items.

solution: STEAL BOXES FROM COSTCO

cardboard boxes from costco are shockingly sturdy objects, AND they come in extremely convenient shapes. the standard cardboard box (rectangular prism) is suboptimal for table use because it’s one convex solid and you can’t put your legs “underneath” the table surface, so instead you must place the box at arms length and eat dinner bent forward in uncomfortable supplication to the cardboard. Costco boxes, on the other hand, are open in the front and provide a convenient place to put your feet and/or other miscellaneous objects! This means they work not only as dinner tables, but as double-tiered nightstands, dresser drawers, and assorted elevated surfaces.

there’s even a little slot at the top where you can put your charger so it doesn’t end up tangled somewhere

 

3.  get yourself a roommate who has family in the area

chairs are kinda hard to acquire without the possibility of also acquiring small evil critter issues, so we borrowed 2 folding lawn chairs from my roommate’s family

these chairs were actually amazingly comfy

4.  make your roommate acquire free stuff from santa clara students

free microwave! and free desk fan thingy! lowkey have not encountered a microwave with a physical windup timer instead of a digit pad, but it was in perfect condition.

highkey SUPER clean, great find by my roommate

5.  what is a trash can? who needs that

all you need are trash bags and a hook (you don’t even need a hook)

[i don’t have a picture but just imagine a large black trash bag hooked to the side of the fridge]

6.  buy a couple things ig

i shelled out for a nice futon mattress to sleep on, a $10 ikea clothesrack, and an $8 rug for shoes. also like $8 for two very sturdy very plastic home depot buckets that turned into footstools, secondary tables, and waterproof surfaces (since all the rest of our surfaces were cardboard 💀)

afterword:

the final product! our living room / my bedroom :D

i have tragically become the stereotype of a true tech bro 😔 BUT i did save a lot of money on furniture so i consider that a win. moral of the story? maybe find summer housing that’s already furnished. but also rent is cheaper if you don’t 🤷","https://mitadmissions.org/wp-content/uploads/2026/09/PXL_20260608_155738817-800x1063.jpg;
https://mitadmissions.org/wp-content/uploads/2026/09/PXL_20260623_035555135-800x1063.jpg;
https://mitadmissions.org/wp-content/uploads/2026/09/PXL_20260713_161323780-800x1063.jpg;
https://mitadmissions.org/wp-content/uploads/2026/09/PXL_20260815_205107886.MP_-800x1063.jpg;
https://mitadmissions.org/wp-content/uploads/2026/09/PXL_20260815_205119778.MP_-800x1063.jpg;
https://mitadmissions.org/wp-content/uploads/2026/09/PXL_20260606_035752475-scaled-e1789321454369-400x377.jpg;
https://mitadmissions.org/wp-content/uploads/2026/09/PXL_20260620_034915841.MP-Copy-400x301.jpg;
https://mitadmissions.org/wp-content/uploads/2026/09/PXL_20260815_205151841-scaled-e1789321544747-400x278.jpg;
https://mitadmissions.org/wp-content/uploads/2026/09/PXL_20260620_034915841.MP_-1-1000x753.jpg"
